"","GloboLakes_ID","LakeName","Latitude","Longitude","Country","Type","Elevation","LakeSize","Group","OverallAvg","OverallMeanAmp"
"1",2,"SUPERIOR",47.72,-88.23,"Canada; United States","Lake",184,4094,4,6.09556948313565,14.6538160778222
"2",3,"VICTORIA",-1.3,33.23,"Tanzania; Uganda;  Kenya","Lake",1140,2313,6,25.137561847936,1.56120625814576
"3",4,"ARAL Sea",45.13,60.08,"Kazakhstan; Uzbekistan","Lake",42,1535,9,11.108757198987,26.7233217690447
"4",5,"HURON",44.78,-82.21,"Canada; United States","Lake",176,2763,5,8.34891981066509,19.2827215490971
"5",6,"MICHIGAN",43.86,-87.09,"United States","Lake",176,2710,9,9.4230286411305,19.2593062696208
"6",7,"TANGANYIKA",-6.07,29.46,"DR Congo; Tanzania;  Zambia;  Burundi","Lake",837,1148,6,26.3590096631842,2.22520617386386
"7",8,"BAYKAL/BAIKAL",53.63,108.14,"Russia","Lake",450,1871,4,3.86462010600942,13.2071645978885
"8",9,"GREAT BEAR Lake",65.91,-121.3,"Canada","Lake",157,2590,4,1.29020018390083,6.45791623253283
"9",10,"MALAWI/NYASA/NIASSA",-11.96,34.59,"Malawi; Mozambique;  Tanzania","Lake",485,1048,6,26.4111854438207,4.67255609719865
"10",11,"GREAT SLAVE Lake",62.09,-114.37,"Canada","Lake",158,1992,4,3.2092983795298,13.7836018833127
"11",12,"ERIE",42.25,-81.16,"Canada; United States","Lake",174,1191,9,10.5600651229578,23.4103165256172
"12",13,"WINNIPEG",52.12,-97.25,"Canada","Lake",217,1401,5,5.83272575184495,19.9460105469491
"13",14,"CHAD",13.45,14.19,"Chad; Nigeria; Niger; Cameroon","Lake",279,58,3,25.9825326277384,9.43434905155272
"14",15,"ONTARIO",43.85,-77.77,"Canada; United States","Lake",75,877,9,10.0891154226946,20.2334638057214
"15",16,"LADOGA",60.84,31.39,"Russia","Lake",11,1182,5,5.73901169185886,17.2262356544864
"16",17,"BALQASH",45.91,73.95,"Kazakhstan","Lake",329,962,9,8.59540236244741,23.7866896414868
"17",18,"ONEGA",61.9,35.35,"Russia","Lake",56,690,5,5.38115983894635,17.0718889547011
"18",20,"TITICACA",-15.92,-69.3,"Peru; Bolivia","Lake",3827,285,8,13.7711569167861,3.12087606470638
"19",21,"NICARAGUA/COCIBOLCA/GRANADA",11.57,-85.36,"Nicaragua","Lake",31,281,3,27.8347393706816,3.30621000219718
"20",22,"TURKANA",3.53,36.08,"Kenya; Ethiopia","Lake",438,263,3,27.3422739920305,2.37925411516369
"21",23,"ATHABASCA",59.1,-109.96,"Canada","Lake",212,524,4,3.94844282583955,16.127182577683
"22",24,"VOLTA, Lake",7.63,0.11,"Ghana","Reservoir",89,246,3,29.4806845506832,1.90084886988404
"23",26,"GREAT SALT Lake",41.2,-112.5,"United States","Lake",1275,261,9,12.5086439950358,25.6129052767588
"24",28,"REINDEER Lake",57.19,-102.27,"Canada","Lake",337,310,4,3.63267900605972,15.3711162026825
"25",29,"VÄNERN",58.88,13.22,"Sweden","Lake",45,350,5,7.61235532909824,17.6680688335683
"26",30,"ALBERT",1.67,30.91,"Uganda; DR Congo","Lake",629,190,3,27.7380704180081,1.12766199022914
"27",31,"WINNIPEGOSIS",52.37,-100.05,"Canada","Lake",252,328,5,6.22485048155032,21.2773152313764
"28",33,"KUYBYSHEVSKOYE",54.54,48.65,"Russia","Reservoir",56,307,5,7.60386946627269,23.6141667599341
"29",34,"URMIA",37.64,45.49,"Iran","Lake",1271,283,1,15.4672696214226,23.568800660273
"30",35,"KARIBA, Lake",-17.23,27.6,"Zimbabwe; Zambia","Reservoir",468,166,6,26.273360163243,6.45099653697382
"31",36,"MWERU",-9.01,28.74,"Zambia; DR Congo","Lake",949,186,6,25.1852545350042,5.13684197427221
"32",37,"MANITOBA",50.99,-98.8,"Canada","Lake",247,295,5,6.64568948122137,22.0158414391595
"33",38,"NIPIGON",49.8,-88.55,"Canada","Lake",283,250,5,5.9461323480276,18.0423478210873
"34",39,"BRATSKOYE Reservoir",54.85,103.07,"Russia","Reservoir",399,237,5,5.38919051762537,20.0207514026542
"35",41,"QINGHAI",36.89,100.18,"China","Lake",3176,194,5,6.3852336828864,16.1314613995217
"36",42,"CAHORA  BASSA, Lake",-15.73,31.63,"Mozambique; Zimbabwe","Reservoir",420,102,6,25.873160541477,7.06326838797187
"37",43,"TAYMYR",74.48,100.76,"Russia","Lake",24,627,4,0.809532702651418,9.66139004269186
"38",44,"WOODS, lake of the",49.38,-94.91,"Canada; United States","Lake",326,156,5,7.28257650968011,22.1188541851947
"39",45,"KHANKA Lake",44.94,132.42,"Russia; China","Lake",64,209,9,8.00641479409126,24.2154427739518
"40",46,"MIRIM",-32.89,-53.25,"Brazil; Uruguay","Lagoon",10,178,8,18.7195767656643,12.6392344539144
"41",47,"RYBINKSKOYE Reservoir",58.49,38.13,"Russia","Reservoir",108,257,5,6.5464410286752,21.431970208129
"42",48,"NASSER, Lake",22.86,32.58,"Egypt; Sudan","Reservoir",192,186,2,24.3115948547671,11.4777350319876
"43",50,"Peipus/Peipsi",58.41,27.59,"Russia; Estonia","Lake",29,234,5,7.16437223058886,20.8971436429038
"44",51,"VAN",38.66,42.98,"Turkey","Lake",1638,168,1,13.0577941894532,19.2473293398251
"45",53,"UVS Lake",50.33,92.81,"Mongolia; Russia","Lake",752,203,5,6.73351988557588,21.5097808876693
"46",55,"TANA",11.95,37.31,"Ethiopia","Lake",1786,116,6,22.8276051583602,2.55750084721866
"47",57,"CEDAR Lake",53.33,-100.14,"Canada","Reservoir",256,167,5,5.89155444773854,20.9504767838118
"48",59,"KHUVSGUL Lake",51.02,100.48,"Mongolia","Lake",1640,160,4,2.96447413618702,11.3572290140881
"49",61,"VOLGOGRADSKOYE",50.35,45.85,"Russia","Reservoir",19,169,9,8.66661782437409,23.102221855512
"50",62,"ILIAMNA Lake",59.56,-154.9,"United States","Lake",35,185,4,4.04409497666972,12.2131310332322
"51",64,"TONLÉ SAP Lake",12.81,104.15,"Cambodia","Lake",4,105,3,30.0846754984641,5.73037855580023
"52",66,"TAIHU Lake",31.21,120.24,"China","Lake",2,115,1,17.5642697434929,25.5432148170997
"53",67,"KIVU",-2.04,29.23,"DR Congo; Rwanda","Lake",1500,88,6,24.0135374136307,1.31667599515019
"54",68,"WOLLASTON Lake",58.3,-103.33,"Canada","Lake",396,116,4,3.33702180490055,14.8174170532372
"55",69,"EDWARD/ÉDOUARD",-0.39,29.61,"DR Congo; Uganda","Lake",781,78,6,26.1884075068949,1.03750545632017
"56",71,"TSIMLYANSKOYE Reservoir",48.05,42.98,"Russia","Reservoir",28,133,9,10.2440237470792,24.8539137439101
"57",72,"SOUTHERN INDIAN Lake",57.14,-98.61,"Canada","Reservoir",259,169,4,3.72488308344548,15.8547033367793
"58",73,"ZZZZ",-2.88,-55.14,"Brazil","Lake",23,100,3,30.1607769836733,1.00609564135467
"59",75,"HULUN Lake",48.97,117.38,"China","Lake",539,109,5,6.59468175996442,23.3430395164218
"60",77,"THERTHAR Lake",34.11,43.17,"Iraq","Reservoir",48,74,2,21.3437215833808,16.4088169162777
"61",78,"POYANG Lake",29.25,116.06,"China","Lake",3,104,2,21.0021999033253,20.0053988306483
"62",79,"KAKHOVS'KE Reservoir",47.27,33.95,"Ukraine","Reservoir",11,128,9,11.0860442832817,25.2269813840673
"63",81,"BANGWEULU",-11.19,29.76,"Zambia","Lake",1170,81,6,23.213697224526,6.99638158969814
"64",84,"CHIQUITA",-30.74,-62.61,"Argentina","Lake",66,213,8,19.6482914603536,14.8270162742683
"65",86,"RUKWA",-7.84,32.16,"Tanzania","Lake",757,219,6,25.5607414360622,5.4973884982312
"66",87,"KREMENCHUK/KREMENCHUTS'KE Reservoir",49.28,32.62,"Ukraine","Reservoir",78,112,9,10.107663619602,24.1908261357372
"67",88,"ZEYSKOYE",54.26,127.8,"Russia","Reservoir",271,126,4,4.6818333321526,19.5022758672486
"68",90,"MAI-NDOMBE",-2.14,18.32,"DR Congo","Lake",335,95,3,29.8046192878456,2.91026392352456
"69",91,"NAM Lake",30.71,90.66,"China","Lake",4704,91,4,4.46155794529497,11.5176315839836
"70",92,"CHANY",54.83,77.39,"Russia","Lake",93,90,5,6.28047199299569,22.6545878813778
"71",93,"KRASNOYARSKOYE",54.84,90.94,"Russia","Reservoir",217,99,5,6.2152058152768,21.1691491435807
"72",94,"GENERAL CARRERA/BUENOS AIRES",-46.66,-72.5,"Chile; Argentina","Lake",451,109,7,9.98477835343715,4.7891436906679
"73",95,"Vättern",58.33,14.57,"Sweden","Lake",91,129,5,7.71875084874411,17.2333027093414
"74",99,"KYOGA",1.5,33.01,"Uganda","Lake",1043,65,3,26.6390286852967,1.51489134776135
"75",100,"la MARTRE",63.33,-117.91,"Canada","Lake",265,140,4,3.32980269174278,16.3106233252329
"76",102,"UST-ILIMSKOYE",57.15,102.32,"Russia","Reservoir",284,84,4,4.39288612738263,18.2669669312197
"77",103,"WILLISTON Lake",55.95,-123.91,"Canada","Reservoir",684,89,5,5.44944404286729,17.3719243858784
"78",104,"KAMSKOYE/KAMA Reservoir",58.8,56.26,"Russia","Reservoir",111,97,5,5.7112011467181,21.2960356284008
"79",105,"SILING",31.77,88.95,"China","Lake",4557,82,5,5.5254791312276,13.8921452434644
"80",106,"BROKOPONDO",4.72,-55.07,"Suriname","Reservoir",46,32,3,29.9458261921179,1.66435085460228
"81",109,"HUNG-TSE Lake",33.34,118.53,"China","Lake",3,82,1,16.1225903688364,26.8100901532932
"82",110,"SAKAKAWEA",47.81,-102.32,"United States","Reservoir",571,80,5,7.75722846817138,22.40989619152
"83",111,"SAIMAA",61.39,28.2,"Finland","Reservoir",79,63,5,6.34803174446041,19.8518591718323
"84",112,"KHANTAYSKOYE VODOKHRANILISHCHE",67.96,87.75,"Russia","Reservoir",50,232,4,2.06996687065686,13.675424585164
"85",113,"SARATOVSKOYE",52.74,48.36,"Russia","Reservoir",35,73,9,8.08948799003248,22.8136104542549
"86",114,"OKEECHOBEE",26.95,-80.86,"United States","Lake",4,53,2,25.0648106253927,13.4517930262131
"87",116,"KAINJI Reservoir",10.43,4.56,"Nigeria","Reservoir",96,42,3,28.5254409560008,5.00195980846439
"88",117,"ARGENTINO Lake",-50.33,-73.03,"Argentina","Lake",225,66,7,7.74945270787535,6.12148964169038
"89",119,"MWERU WANTIPA",-8.71,29.72,"Zambia","Lake",945,52,6,26.7493218196697,5.4319220793989
"90",120,"TENGIZ",50.44,68.9,"Kazakhstan","Lake",297,75,9,7.62307260799411,22.9308121400138
"91",121,"KHYARGAS Lake",49.13,93.3,"Mongolia","Lake",1027,86,5,6.98522180509933,19.9018693415476
"92",125,"CLAIRE",58.59,-112.08,"Canada","Lake",212,99,5,4.76459384864734,20.4504045740745
"93",127,"la RONGE",55.11,-104.83,"Canada","Lake",371,76,5,5.60168725860811,18.9227063618988
"94",132,"de RINCÓN DEL BONETE",-32.7,-55.93,"Uruguay","Reservoir",56,45,8,18.6825229050527,12.8387945753184
"95",133,"POOPÓ Lake",-18.81,-67.06,"Bolivia","Lake",3679,71,8,12.3053506362379,9.28720353310521
"96",134,"ZZZZ",-2.16,-52.2,"Brazil","Lake",8,62,3,30.3545164482079,0.75941660153895
"97",135,"SEVAN Lake",40.39,45.29,"Armenia","Lake",1876,66,9,10.1101631702748,19.5731639202312
"98",136,"VYGOZERO",63.54,34.84,"Russia","Lake",74,97,5,4.93742350626241,18.0556055520563
"99",137,"CREE Lake",57.47,-106.64,"Canada","Lake",484,72,4,4.0387355813043,16.9344048275799
"100",142,"KHAR-US Lake",48.06,92.3,"Mongolia","Lake",1191,60,5,7.19855588910484,22.5930920812619
"101",145,"BECHAROF Lake",57.85,-156.4,"United States","Lake",22,82,4,3.17658392433851,9.29631841300874
"102",146,"SAINT CLAIR",42.5,-82.73,"Canada; United States","Lake",174,58,9,10.1475925734638,23.6596934920141
"103",147,"LESSER SLAVE Lake",55.43,-115.49,"Canada","Lake",604,86,5,5.66942439174578,18.8691957768996
"104",149,"ESKIMO Lakes",69.1,-132.76,"Canada","Lake",4,178,4,1.86076218179541,11.7233415139129
"105",150,"TOBA",2.61,98.9,"Indonesia","Lake",898,46,3,26.5431985059576,1.00748587684976
"106",151,"RED Lake (Upper & Lower)",48.04,-95.08,"United States","Lake",358,69,5,7.68306480192242,22.6353225962112
"107",153,"de CHAPALA",20.21,-103.05,"Mexico","Lake",1573,35,2,21.7326790047651,6.9866305869143
"108",154,"GURI, Embalse de",7.2,-62.83,"Venezuela","Reservoir",329,111,3,27.7475187522084,2.31826899562443
"109",156,"EYASI",-3.58,35.04,"Tanzania","Lake",1023,38,6,23.3886038928775,5.66154294246498
"110",157,"Päijänne",61.71,25.49,"Finland","Lake",95,56,5,6.17476163468675,19.0077695366141
"111",158,"SAINT JEAN",48.66,-72.02,"Canada","Reservoir",97,60,5,6.91432822930039,20.6687020562504
"112",160,"BELOYE",60.18,37.64,"Russia","Lake",122,89,5,6.0180462500545,20.9059371104119
"113",163,"MÄLAREN",59.44,16.19,"Sweden","Lake",18,81,9,7.72200384904132,20.7276390893701
"114",165,"CHAMPLAIN",44.45,-73.27,"United States; Canada","Lake",35,71,9,9.31584901047541,22.5175933311171
"115",166,"ABAYA Lake",6.3,37.83,"Ethiopia","Lake",1249,48,6,25.3831777448032,2.71747966979463
"116",167,"O'HIGGINS/SAN MARTÍN Lake",-48.75,-72.84,"Chile; Argentina","Lake",330,87,7,7.52550628508758,3.93445669109371
"117",171,"VIEDMA Lake",-49.59,-72.56,"Argentina","Lake",297,78,7,7.72576462635447,5.64069915594235
"118",172,"GOD'S Lake",54.62,-94.21,"Canada","Lake",181,71,4,4.66941139557083,17.8855499056103
"119",173,"RAZAZZA",32.78,43.66,"Iraq","Reservoir",36,66,2,21.6874573980744,18.8358618555489
"120",176,"MANAGUA",12.32,-86.35,"Nicaragua","Lake",56,45,3,28.0904381833485,3.79014135246828
"121",179,"ZHARI NAMCO",30.9,85.61,"China","Lake",4743,43,5,5.62691576449827,14.0406934139862
"122",181,"BOSTEN Lake",41.98,87.07,"China","Lake",1062,52,9,11.5379313834915,25.0635935916067
"123",186,"KUMSKOYE VODOKHRANILISHCHE",65.62,32.09,"Russia","Lake",112,90,4,3.95989161055916,15.2994651674695
"124",187,"ORIVESI, PYHÄSELKÄ",62.35,29.59,"Finland","Lake",79,72,5,5.70248473764963,19.3963481439196
"125",192,"ILMEN",58.3,31.3,"Russia","Reservoir",15,90,5,7.22831147090905,21.9681829026552
"126",193,"GORKY Reservoir",57.11,43.13,"Russia","Reservoir",87,61,5,7.33235129827772,23.5752375140958
"127",194,"SALTON, Sea",33.3,-115.83,"United States","Lake",-74,45,2,23.1667003842455,16.8661842785263
"128",195,"PIELINEN",63.16,29.71,"Finland","Lake",113,73,5,4.82394893013217,19.0091276504994
"129",198,"NIPISSING",46.24,-79.92,"Canada","Lake",212,44,9,8.32659559044681,22.639553238222
"130",200,"ABITIBI",48.76,-79.59,"Canada","Reservoir",276,65,5,6.52190901882559,21.5628165951383
"131",201,"FORT PECK Lake",47.68,-107.29,"United States","Reservoir",693,47,9,8.25712040431538,20.9970008996827
"132",202,"OULUJÄRVI",64.35,27.7,"Finland","Reservoir",128,80,5,5.05491724074127,19.3109723009152
"133",205,"de BAY",14.36,121.26,"Philippines","Lake",12,42,3,29.4195392091071,4.84905202974768
"134",209,"LLANQUIHUE Lake",-41.14,-72.79,"Chile","Lake",56,44,8,13.5426321671836,6.18734840391157
"135",210,"ALEXANDRINA",-35.52,139.09,"Australia","Lagoon",20,38,8,16.3252724038896,10.7418063895923
"136",213,"PLAYGREEN Lake",54.07,-97.75,"Canada","Lake",217,65,5,5.53473269023733,19.2913385896794
"137",215,"TANGRA YUMCO",31.05,86.59,"China","Lake",4649,36,4,5.19685198413757,12.9838689256174
"138",219,"COLHUÉ HUAPI",-45.47,-68.76,"Argentina","Lake",251,50,7,8.41647636020487,17.8805611588526
"139",220,"EZEQUIEL RAMOS MEJÍA, Embalse",-39.46,-69.01,"Argentina","Reservoir",393,40,8,13.5214539647702,12.2154672135332
"140",222,"PETER POND Lake",55.84,-108.55,"Canada","Lake",423,58,5,5.47518282126532,19.1888959270201
"141",225,"SOUTH MOOSE Lake",53.83,-100.04,"Canada","Lake",256,47,5,5.82073166460545,20.3004494811086
"142",228,"SEGOZERSKOYE",63.32,33.76,"Russia","Lake",129,63,4,4.7681621235061,16.7157134931664
"143",231,"MANGUEIRA",-33.16,-52.84,"Brazil","Lagoon",8,48,8,18.5413984289122,12.163705955733
"144",233,"CHAOHU Lake",31.57,117.57,"China","Lake",1,41,1,18.0671124022211,26.0325951571052
"145",236,"SIMCOE",44.47,-79.42,"Canada","Lake",233,36,9,9.14060081757691,22.5167708175287
"146",237,"VOTKINSK Reservoir",57.22,55.01,"Russia","Reservoir",94,62,5,6.88986436240865,23.256930681567
"147",239,"ULUNGUR Lake",47.22,87.3,"China","Lake",452,51,9,8.41831550966783,22.874620468337
"148",240,"PYASINO",69.77,87.78,"Russia","Lake",17,90,4,1.80076547199941,15.2404248971821
"149",241,"SARYGAMYSH Lake",41.88,57.61,"Turkmenistan","Lake",-12,182,1,13.4017988920389,26.9851263409147
"150",242,"KOVDOZERO",66.68,31.99,"Russia","Reservoir",40,49,4,3.99666661443608,16.8988104174318
"151",243,"TOLEDO BEND Reservoir",31.55,-93.81,"United States","Reservoir",48,34,2,21.2419416264674,19.657053044531
"152",244,"DEAD, Sea",31.52,35.49,"Jordan; West Bank;  Israel","Lake",-404,27,3,27.20487327384,11.329616364548
"153",245,"IZABAL",15.57,-89.11,"Guatemala","Lagoon",47,27,3,28.624607596086,4.71892351083044
"154",249,"HIRAKUD Reservoir",21.64,83.77,"India","Reservoir",190,24,3,27.8044668533096,8.99522304559326
"155",250,"PROLETARSKOYE",46.26,42.98,"Russia","Lake",15,30,9,11.4743913785271,25.7456210344626
"156",255,"TUMBA",-0.82,17.98,"DR Congo","Lake",338,30,3,29.8934620152767,2.86304385099148
"157",256,"CHILWA",-15.32,35.71,"Malawi","Lake",629,40,6,24.921723056199,8.04583845950388
"158",262,"KULUNDINSKOYE",52.98,79.58,"Russia","Lake",92,39,5,6.96907381860232,23.8920349208912
"159",265,"CAXIUANA",-2.04,-51.5,"Brazil","Lake",1,17,3,30.2321960909284,0.803057089141514
"160",267,"BEYSEHIR",37.78,31.52,"Turkey","Lake",1148,32,1,13.7069397279366,22.0685015463775
"161",268,"BIWA Lake",35.25,136.08,"Japan","Lake",69,33,1,16.9409827917665,19.6219872097596
"162",271,"SELETYTENIZ",53.23,73.18,"Kazakhstan","Lake",66,35,9,7.70802044790311,24.6574336378198
"163",273,"PYAOZERO",66.07,30.98,"Russia","Lake",118,80,4,3.91377231290215,15.9459834920815
"164",277,"de COARI",-4.25,-63.37,"Brazil","Lake",40,32,3,30.9261766289947,2.01130852666097
"165",279,"AL ASSAD Lake",36.07,38.1,"Syria","Reservoir",293,32,1,18.7487726566181,16.1650574411049
"166",281,"DORÉ Lake",54.76,-107.28,"Canada","Lake",459,42,5,5.67553862615365,19.532739293049
"167",287,"GAOYOU Lake",32.87,119.31,"China","Lake",1,37,1,16.4037742729763,27.2592855414178
"168",291,"BEI'ER Lake",47.81,117.69,"Mongolia; China","Lake",597,36,5,6.93097088527368,23.3650856785504
"169",294,"KHAR Lake",48.05,93.21,"Mongolia","Lake",1160,32,5,7.31782245199483,22.8204018309669
"170",295,"TAUPO",-38.81,175.9,"New Zealand","Lake",395,29,8,14.7412674793646,8.50961556975925
"171",296,"SHARDARA Reservoir",41.15,68.17,"Kazakhstan; Uzbekistan","Reservoir",236,42,1,15.0802916430969,25.4096715038561
"172",299,"BUFFALO Lake",60.22,-115.49,"Canada","Lake",264,47,5,4.4166364032181,19.7428435523726
"173",300,"ELING/NGORING Lake",34.93,97.71,"China","Lake",4240,31,4,4.12046456981776,12.720900491971
"174",301,"CROSS Lake",54.99,-97.81,"Canada","Reservoir",187,41,5,5.18788034458507,19.4540348622506
"175",302,"HALA Lake",38.31,97.59,"China","Lake",4239,29,4,2.86732329257039,11.3213660720469
"176",303,"NORTH MOOSE Lake",54.05,-100.16,"Canada","Lake",257,46,5,5.69244530575614,20.6652362289983
"177",304,"FAGNANO/CAMI Lake",-54.55,-68.03,"Argentina; Chile","Lake",169,50,7,6.81844704786141,5.09962898335973
"178",306,"LAGDO",8.88,13.97,"Cameroon","Reservoir",209,27,3,28.397574373945,3.50162536992889
"179",310,"BALATON",46.88,17.83,"Hungary","Lake",126,41,9,11.6822599888776,24.5343380402469
"180",311,"ATLIN Lake",59.57,-133.75,"Canada","Lake",704,53,4,2.98266759821718,12.0892233301166
"181",312,"AYAKKUM Lake",37.55,89.35,"China","Lake",4161,35,5,4.73124258989099,13.8894752118743
"182",314,"UPEMBA",-8.65,26.4,"DR Congo","Lake",586,27,3,27.3487464022997,4.28694660143372
"183",316,"TATHLINA Lake",60.54,-117.64,"Canada","Lake",277,46,5,4.50457779547353,19.5281697024535
"184",322,"NATRON",-2.34,36.02,"Tanzania; Kenya","Lake",583,32,3,30.9837719634551,3.9319086963787
"185",323,"CHURCHILL Lake",55.96,-108.29,"Canada","Lake",423,34,5,5.48229854512767,19.6320641820217
"186",325,"KWANIA",1.72,32.65,"Uganda","Lake",1043,25,3,26.7171538386513,1.36042523634558
"187",326,"DESCHAMBAULT Lake",54.78,-103.45,"Canada","Lake",329,31,5,5.79765702870704,20.063522378646
"188",327,"Geneva/Léman",46.37,6.25,"Switzerland; France","Lake",466,32,1,13.3748676089187,15.84935759146
"189",328,"MINGACEVIR Reservoir",40.93,46.79,"Azerbaijan","Reservoir",78,31,1,16.7677509096999,19.6614411130622
"190",332,"TOWUTI",-2.79,121.52,"Indonesia","Lake",230,23,3,29.6783256645779,1.65133908038117
"191",333,"BLACK Lake",59.05,-105.73,"Canada","Lake",277,33,4,4.09422213567627,16.6813624754449
"192",336,"GYARING/ZHALING Lake",34.92,97.27,"China","Lake",4256,24,4,4.348739451949,13.185630396408
"193",337,"STEPHENS Lake",56.42,-95.07,"Canada","Reservoir",105,27,4,4.37063385942674,18.7933799890682
"194",339,"HAZEN",81.8,-70.94,"Canada","Lake",182,177,4,0.0483467549335221,0.801750352647575
"195",340,"WINNEBAGO",44.02,-88.42,"United States","Lake",229,30,9,9.78849988616878,24.4712440520924
"196",343,"NAHUEL HUAPI Lake",-40.92,-71.52,"Argentina","Lake",810,25,7,11.1645832464324,6.48260026803636
"197",344,"KRASNOYE",64.53,174.44,"Russia","Lake",2,42,4,2.77295300556702,16.2740401535913
"198",350,"MALHEUR Lake",43.34,-118.83,"United States","Lake",1242,17,9,9.00278455724734,23.406784471682
"199",351,"DAUPHIN Lake",51.27,-99.77,"Canada","Lake",259,34,5,6.75289915048631,22.3035665656287
"200",352,"Constance/Bodensee",47.65,9.28,"Germany; Switzerland;  Austria","Lake",431,34,9,12.3736332572286,17.9257855456064
"201",354,"NGANGLA RINGCO",31.53,83.09,"China","Lake",4863,27,4,4.23897107810929,12.5944476176678
"202",356,"SANDY Lake",53,-93.03,"Canada","Lake",282,41,5,5.10268256954293,20.5621068658137
"203",358,"RAZIM Lake",44.83,28.97,"Romania","Lagoon",1,35,9,12.175137193488,25.529346685975
"204",360,"JURUMIRIM Reservoir",-23.34,-48.69,"Brazil","Reservoir",558,16,6,22.5548443358149,6.94027355787945
"205",361,"DNIPRODZERZHYNS'KE Reservoir",48.77,34.17,"Ukraine","Reservoir",63,32,9,9.99494437278691,24.3994353866824
"206",362,"SAM RAYBURN, Lake",31.26,-94.36,"United States","Reservoir",45,17,2,21.5968108364087,18.6546599923728
"207",363,"GRANVILLE Lake",56.4,-100.21,"Canada","Lake",259,24,5,5.33003641260097,20.8212415549298
"208",366,"MILLE LACS Lake",46.24,-93.65,"United States","Lake",381,29,9,8.4767651715166,23.08699856705
"209",367,"TROUT Lake",60.58,-121.13,"Canada","Lake",494,41,4,4.17826976630404,16.8423442570087
"210",375,"FLATHEAD Lake",47.89,-114.18,"United States","Reservoir",975,26,9,9.5592869257364,19.9122871096427
"211",376,"LOKKA Reservoir",67.97,27.77,"Finland","Reservoir",259,33,4,3.91281532623617,16.6886883154768
"212",377,"NAKNEK, NORTH ARM NAKNEK Lake",58.64,-155.67,"United States","Lake",39,18,4,4.24794778120596,15.6973234830889
"213",379,"CERROS COLORADOS Complex",-38.58,-68.73,"Argentina","Reservoir",414,31,8,14.63883775874,10.3715917142253
"214",380,"TAHOE",39.09,-120.04,"United States","Lake",1996,26,9,11.4658740173034,14.2239692806962
"215",382,"QYARING Lake",31.13,88.32,"China","Lake",4640,22,4,5.1182021584991,12.9006472694906
"216",383,"TARO Lake",31.13,84.12,"China","Lake",4573,22,4,5.08050608663196,12.7447327105195
"217",387,"HJÄLMAREN",59.23,15.86,"Sweden","Lake",31,35,9,7.85557308127232,20.3531052586012
"218",390,"EGIRDIR",38.07,30.85,"Turkey","Lake",946,26,1,14.3059787769414,20.7709089914521
"219",391,"ILE-A-LA-CROSSE",55.56,-107.75,"Canada","Lake",421,27,5,5.60080198520371,20.5891818781627
"220",393,"STORSJÖN",63.09,14.41,"Sweden","Lake",302,29,5,4.92843802995708,15.7809869086644
"221",399,"GRAND Lake",49.01,-57.35,"Canada","Reservoir",145,22,5,6.11829318095505,16.7266696021528
"222",400,"des BOIS",66.82,-125.15,"Canada","Lake",299,43,4,2.321523554631,13.5417960571057
"223",403,"MARKAKOL",48.75,85.77,"Kazakhstan","Lake",1522,29,5,5.41660546485136,19.5208728743241
"224",405,"MONTREAL Lake",54.32,-105.69,"Canada","Lake",498,32,5,5.89479087866623,20.3668130756628
"225",408,"HAMMAR",30.76,47.04,"Iraq","Lake",4,24,2,22.8367270771583,14.8478299785269
"226",409,"PRIMROSE Lake",54.89,-109.79,"Canada","Lake",603,33,5,5.85291689386617,20.156749022998
"227",410,"SYVASH Lake",45.44,35.24,"Ukraine","Lagoon",1,39,9,12.1386332673383,25.5939900924543
"228",411,"PYRAMID Lake",40.03,-119.55,"United States","Lake",1161,26,1,14.2608646718701,16.2710607806833
"229",415,"NAM NGUM",18.61,102.66,"Laos","Reservoir",221,10,3,27.9293273772427,5.95436016877555
"230",416,"RANCO Lake",-40.23,-72.48,"Chile","Lake",83,24,8,14.1845940364666,8.31094161870623
"231",420,"MILLS Lake",61.43,-118.15,"Canada","Lake",148,27,4,4.32508782342779,18.0871481157403
"232",423,"SAINT PIERRE/SAINT PETER Lake",46.15,-72.9,"Canada","Lake",2,20,9,9.05595547144716,22.6182354844063
"233",426,"COLVILLE Lake",67.19,-125.99,"Canada","Lake",293,43,4,2.69728553099429,14.5939291195432
"234",427,"VOZHE",60.57,39.1,"Russia","Lake",123,34,5,5.87729784872916,21.452679236052
"235",430,"FABER Lake",63.95,-117.25,"Canada","Lake",213,36,4,3.62680880336926,16.0590846116163
"236",434,"KUBENSKOYE",59.64,39.45,"Russia","Lake",106,36,5,6.19807318311189,22.0327534377479
"237",436,"KYIVS'KE Reservoir",50.82,30.48,"Ukraine","Reservoir",93,32,9,9.50992390360717,24.2730911008331
"238",439,"MAPAM YUMCO",30.67,81.49,"China","Lake",4568,21,4,5.05416959197406,12.280602493676
"239",442,"GOVIND BALLABH PANT Reservoir",24.07,82.84,"India","Reservoir",244,17,3,26.9017506048309,10.4804310709053
"240",443,"CARDIEL Lake",-48.9,-71.26,"Argentina","Lake",499,24,7,8.43184684101664,9.01754228941378
"241",444,"NGANGZE Lake",31.01,87.14,"China","Lake",4731,23,5,5.43079253034597,14.4526968697762
"242",445,"ZIWAY Lake",7.98,38.84,"Ethiopia","Lake",1643,19,6,22.0918280366678,3.37997417373787
"243",447,"KLUANE Lake",61.26,-138.76,"Canada","Lake",789,40,4,2.70746077753695,11.1824997194643
"244",448,"MUSTERS",-45.41,-69.23,"Argentina","Lake",264,27,7,9.69364311179927,11.5890382743544
"245",450,"LEECH Lake",47.18,-94.43,"United States","Lake",397,25,9,8.17162900284807,23.3388426018229
"246",454,"MOLSON Lake",54.22,-96.82,"Canada","Lake",220,31,5,5.43616095216869,19.229258259948
"247",458,"BISTCHO Lake",59.74,-118.83,"Canada","Lake",554,32,5,4.46435129316582,18.1384989003163
"248",459,"ZZZZ",67.69,-176.01,"Russia","Lagoon",2,52,4,1.84949767015756,12.6143443143995
"249",461,"KAYRAKKUMSKOYE/KAIRAKUM Reservoir",40.32,70.06,"Tajikistan","Reservoir",326,25,1,14.6672961671149,24.2617214881818
"250",462,"ITEZHI TEZHI Dam",-15.67,25.95,"Zambia","Reservoir",1043,21,6,23.4283928339206,8.60572396086076
"251",464,"GOOSE Lake",41.92,-120.41,"United States","Lake",1463,22,9,9.54917082537128,22.7803596409989
"252",465,"KELLER Lake",63.95,-121.58,"Canada","Lake",246,37,4,3.46446264877254,16.3930432518315
"253",471,"KANIVS'KE Reservoir",49.98,31.22,"Ukraine","Reservoir",90,26,9,10.05415871834,24.7908121110521
"254",472,"NIZHNEE KUYTO",65.02,31.59,"Russia","Lake",104,49,5,4.77414840369944,18.9192338073548
"255",474,"PINEHOUSE Lake",55.55,-106.47,"Canada","Lake",390,20,5,5.73134485338381,20.706382938054
"256",476,"GRANDE DO CURUAI",-2.24,-55.38,"Brazil","Lake",29,16,3,30.278511346405,1.17358703905797
"257",481,"NEAGH",54.62,-6.42,"United Kingdom","Lake",58,26,9,11.137899534906,13.951526985373
"258",483,"CHUKCHAGIRSKOYE",52,136.58,"Russia","Lake",66,27,5,6.10041903953712,24.0163496499757
"259",484,"HADITHAH Dam Lake",34.38,42.03,"Iraq","Reservoir",133,22,2,19.9812937520857,17.286477825255
"260",486,"TROUT Lake",51.2,-93.28,"Canada","Lake",399,17,5,6.13336026618207,19.37922922832
"261",487,"POSO",-1.92,120.62,"Indonesia","Lake",447,16,3,28.1468930191731,1.85601920014136
"262",488,"SCUTARI/SKADARSKO",42.19,19.28,"Montenegro; Albania","Lake",9,19,1,17.2081735428854,20.43011643325
"263",489,"DORSOIDONG Lake",33.38,89.81,"China","Lake",4920,20,4,3.26463225920842,11.2767140299206
"264",491,"AUBRY",67.42,-126.46,"Canada","Lake",293,48,4,2.4458657242417,13.5123493029866
"265",494,"AGUA VERMELHA, Represa de",-19.96,-50.09,"Brazil","Reservoir",390,11,6,26.6676350042449,7.09881207239595
"266",500,"UDYL'",52.07,139.77,"Russia","Lake",6,25,5,6.02306854792557,23.1721414798077
"267",501,"STUART Lake",54.55,-124.58,"Canada","Lake",808,24,5,6.38192972656877,18.3539750750239
"268",502,"BOLON'",49.8,136.39,"Russia","Lake",6,19,5,6.99429361095998,25.0158344273345
"269",505,"GARDA",45.67,10.7,"Italy","Lake",85,18,1,15.8178845429541,15.3477168473831
"270",508,"COLD Lake",54.53,-110.04,"Canada","Lake",541,25,5,5.86993579530046,18.5064968104669
"271",509,"ZZZZ",46.24,30.31,"Ukraine","Lagoon",4,27,9,11.603054938497,25.1346708908781
"272",511,"AQQIKKOL lake",37.06,88.42,"China","Lake",4342,19,4,3.50788956316029,12.1794873456594
"273",513,"CANACARI",-2.92,-58.25,"Brazil","Lake",23,18,3,30.6889658712263,1.65291795596101
"274",515,"VALENCIA",10.18,-67.74,"Venezuela","Lake",600,17,3,28.6226936532026,2.9246795944294
"275",518,"MJØSA",60.82,10.99,"Norway","Reservoir",165,23,5,5.6890240115983,16.1597989026991
"276",520,"CHIBZHANG Lake, East",33.48,90.32,"China","Lake",4920,18,4,3.0115469194305,10.0838043317814
"277",523,"UTAH Lake",40.2,-111.8,"United States","Lake",1381,23,9,11.38387458225,24.666915307392
"278",524,"LANAO",7.89,124.24,"Philippines","Lake",710,15,3,27.2941180205226,2.06652619249511
"279",526,"OHRID",41.04,20.73,"Macedonia; Albania","Lake",700,20,1,14.6854006053216,16.5422156445886
"280",527,"ABHE",11.17,41.79,"Ethiopia; Djibouti","Lake",414,12,3,29.1731425836458,6.45722489792506
"281",529,"OXFORD Lake",54.85,-95.44,"Canada","Lake",186,19,5,4.73814684156215,18.794966944374
"282",531,"LIANGZI Lake",30.23,114.51,"China","Lake",21,16,2,20.172816014889,23.5188261934865
"283",533,"LACHA",61.31,38.77,"Russia","Lake",123,26,5,5.62887581012086,21.1023712561345
"284",534,"LIVINGSTON, Lake",30.8,-95.14,"United States","Reservoir",36,14,2,21.8338966101259,19.4062821406636
"285",538,"SAINT MARTIN",51.65,-98.51,"Canada","Lake",243,24,5,6.63700855267442,21.8638783320293
"286",539,"LONGGAN/LONGHU Lake",29.97,116.14,"China","Lake",6,18,1,19.0778916248725,25.8752885450191
"287",540,"MAUNOIR",67.46,-124.88,"Canada","Lake",263,34,4,2.29638374428077,13.3538259750483
"288",543,"URRU Lake",31.7,88,"China","Lake",4546,18,4,5.33941818280729,13.0577158563631
"289",545,"CORMORANT Lake",54.22,-100.9,"Canada","Lake",257,22,5,5.89929787395075,20.1034208275734
"290",546,"PEND OREILLE",48.13,-116.44,"United States","Reservoir",684,18,9,10.8099594806307,18.5105749379011
"291",549,"DURGUN Lake",47.73,93.42,"Mongolia","Lake",1160,21,5,7.43090846233907,21.569644449848
"292",550,"QUSMURYN Lake",52.72,64.78,"Kazakhstan","Lake",113,30,5,7.0046497857042,24.5258351452199
"293",555,"QUINZE, Lac des & SIMARD",47.57,-78.92,"Canada","Lake",274,12,5,7.38170301709315,21.8947722066155
"294",556,"MARION",33.53,-80.47,"United States","Reservoir",22,17,2,19.8136165293018,19.9549905032144
"295",558,"OLD WIVES Lake",50.08,-106,"Canada","Lake",666,23,5,7.13359951500229,22.2671942017217
"296",559,"UPPER KLAMATH Lake",42.42,-121.89,"United States","Lake",1295,17,9,10.0745358393136,22.4473307905186
"297",566,"AMISK Lake",54.58,-102.25,"Canada","Lake",300,17,5,5.85041772537225,19.7856458313101
"298",569,"KAKISA Lake",60.93,-117.71,"Canada","Lake",222,33,5,4.76849291265019,19.2780169249581
"299",572,"YELLOWSTONE Lake",44.43,-110.39,"United States","Lake",2405,21,4,4.82751199999614,16.1234604810415
"300",579,"CHAMO Lake",5.83,37.55,"Ethiopia","Lake",1249,16,6,25.9688156664672,2.07067916117882
"301",581,"SPLIT, Lake",56.18,-96.25,"Canada","Reservoir",184,23,5,4.78467440247172,19.2029426911675
"302",586,"MALOMBE",-14.64,35.26,"Malawi","Lake",484,17,6,25.7016746022594,7.54654522610813
"303",588,"COCHRANE/PUEYRREDÓN Lake",-47.32,-71.95,"Chile; Argentina","Lake",203,27,7,8.67470572773539,8.66972874972375
"304",594,"TORNETRÄSK",68.34,19.34,"Sweden","Lake",372,34,4,1.89604252275359,9.46922189883074
"305",601,"KRASNODARSKOYE",45.04,39.34,"Russia","Reservoir",31,25,9,11.7300592355427,26.2650887619712
"306",603,"UBOLRATANA",16.69,102.6,"Thailand","Reservoir",188,13,3,28.916634671772,6.19278309918434
"307",604,"SHALA Lake",7.46,38.51,"Ethiopia","Lake",1644,13,6,23.425743862133,2.61426996450682
"308",608,"OREL'",53.45,139.78,"Russia","Lake",6,22,5,5.54284968985878,21.8683837901206
"309",612,"ZZZZ",51.64,140.25,"Russia","Lake",7,20,5,5.62234796685833,21.5571175333871
"310",613,"TSHANGALELE",-10.9,27.02,"DR Congo","Lake",1152,10,6,24.1144508400156,7.05269445772884
"311",618,"SAINT LUCIA",-28.11,32.47,"South Africa","Lagoon",17,21,6,22.71636613242,9.04568283057269
"312",623,"DAGUAN Lake",30.04,116.38,"China","Lake",5,14,1,19.4417495650862,25.4676613081376
"313",624,"SWAN Lake",52.49,-100.74,"Canada","Lake",265,22,5,6.62677345748326,22.6446403133909
"314",627,"DIANCHI Pool",24.85,102.69,"China","Lake",1922,15,1,18.192063175374,11.4727437825235
"315",630,"ACHIT Lake",49.5,90.54,"Mongolia","Lake",1466,21,5,5.91918761640423,21.0499050896955
"316",632,"TUSTUMENA Lake",60.17,-150.9,"United States","Lake",43,28,4,4.72656823982491,14.840926075366
"317",633,"TIMISKAMING",47.2,-79.44,"Canada","Lake",261,12,5,6.41920398117308,19.7321315070686
"318",634,"IZNIK",40.45,29.53,"Turkey","Lake",156,19,1,17.2181146822983,17.5577142058556
"319",635,"BELOT",66.88,-126.26,"Canada","Lake",293,29,4,2.42190610721154,13.2037242519753
"320",637,"Rio HONDO, Embalse",-27.53,-64.98,"Argentina","Reservoir",247,13,6,22.0187775424977,14.1596313901939
"321",645,"BUUNTSAGAAN Lake",45.58,99.09,"Mongolia","Lake",1305,18,5,7.22289779136047,21.2683991988147
"322",646,"CLEARWATER Lake",54.06,-101.05,"Canada","Lake",259,20,5,5.84133554697041,19.2710873468675
"323",649,"PUMA YUMCO",28.55,90.4,"China","Lake",5007,16,4,3.79182755365568,9.93912992367951
"324",654,"SILJAN",60.86,14.8,"Sweden","Lake",185,26,5,6.57864607790156,19.3256616938417
"325",657,"HÖYTIÄINEN",62.87,29.75,"Finland","Reservoir",91,18,5,5.48598801627244,20.0982108811672
"326",667,"SITIDGI Lake",68.54,-132.67,"Canada","Lake",20,32,4,2.56581771884859,14.7431909217605
"327",669,"UTIKUMA Lake",55.86,-115.39,"Canada","Lake",651,25,5,5.91229092982537,19.7915585488955
"328",672,"SMOOTHSTONE Lake",54.65,-106.82,"Canada","Lake",479,21,5,5.85780975990431,19.3472943211449
"329",674,"KISALE",-8.28,26.49,"DR Congo","Lake",588,16,3,28.0033081208043,4.59325477259665
"330",676,"RAKSHASTAL/LA'NGA",30.72,81.21,"China","Lake",4602,15,4,3.78672516391671,10.6363755815924
"331",677,"BEAR Lake",42.01,-111.33,"United States","Lake",1806,16,9,9.11288141744497,21.1614599751984
"332",679,"VÕRTSJÄRV",58.22,26.04,"Estonia","Lake",47,20,9,7.68152876774363,21.8862899080602
"333",681,"NGOIN",31.52,88.74,"China","Lake",4570,14,5,5.72109797292221,13.7219958859234
"334",683,"ITANDÉUA",-1.99,-54.99,"Brazil","Lake",53,22,3,30.5081231505428,1.4332369844056
"335",684,"KISKITTOGISU Lake",54.21,-98.37,"Canada","Lake",216,18,5,5.63609796112882,19.740216850659
"336",685,"PAIKU Lake",28.9,85.58,"China","Lake",4658,16,4,5.28836470177409,11.9351870627612
"337",687,"GEORGE",0,30.17,"Uganda","Lake",907,11,3,27.2839477692418,1.77655157927303
"338",690,"PRESPA",40.89,21.02,"Macedonia; Greece;  Albania","Lake",955,13,1,14.0946662481107,19.921963624107
"339",699,"PAVYLON",68.39,151.99,"Russia","Lake",24,23,4,2.33301009836444,18.9729194601435
"340",702,"ZZZZ",45.13,-74.48,"Canada","Lake",46,16,9,8.82997199169663,21.9640588591086
"341",706,"BEYSUGSKIY",46.15,38.42,"Russia","Lake",1,19,9,11.3659645483323,25.9937297603007
"342",708,"HONGHU Lake",29.85,113.28,"China","Lake",22,20,2,20.2289563202978,24.3303633785865
"343",710,"UDDJAURE",65.98,17.82,"Sweden","Lake",422,14,4,3.34403734910638,16.0033639127954
"344",713,"TOBIN Lake",53.57,-103.49,"Canada","Reservoir",315,17,5,6.34244904887633,21.2958212062176
"345",723,"ENRIQUILLO",18.49,-71.58,"Dominican Republic","Lake",8,12,3,29.3974719330295,3.6484078647477
"346",728,"RED DEER Lake",52.95,-101.36,"Canada","Lake",265,21,5,6.53583092104195,22.2238060117645
"347",729,"TOKTOGUL Reservoir",41.76,72.91,"Kyrgyzstan","Reservoir",849,8,1,13.6305061532026,17.7744203934273
"348",730,"QUILL LAKES, West",51.88,-104.35,"Canada","Lake",520,20,5,6.57867598894429,21.9035947560807
"349",731,"ZAPATOSA",9.14,-73.83,"Colombia","Lake",41,19,3,31.2287492148242,2.31808218779217
"350",732,"ZHUONAI Lake",35.55,91.94,"China","Lake",4735,13,4,2.63747868191466,10.2700688767324
"351",733,"KISKITTO Lake",54.36,-98.23,"Canada","Lake",210,14,5,5.60081632919816,20.2088792444123
"352",736,"KUSAI Lake",35.73,92.83,"China","Lake",4472,17,4,2.90480440896816,10.6877334358705
"353",738,"HABBANIYAH Lake",33.29,43.45,"Iraq","Reservoir",43,20,2,21.1040139816515,18.9079993486389
"354",744,"DAGZE Lake",31.88,87.43,"China","Lake",4469,15,5,5.32311566889716,14.0930252920061
"355",746,"MAUREPAS",30.27,-90.45,"United States","Lagoon",0,87,2,21.9768140323199,18.8270912008878
"356",748,"CALCASIEU Lake",29.96,-93.34,"United States","Lagoon",0,15,2,21.980338735916,18.4624839771621
"357",754,"CUMBERLAND Lake",54.04,-102.33,"Canada","Lake",266,15,5,6.31563643678721,21.9770966079707
"358",756,"KRONOTSKOYE",54.81,160.2,"Russia","Lake",388,20,4,3.54000899954087,12.8617387613567
"359",761,"WINNIBIGOSHISH",47.45,-94.17,"United States","Lake",399,15,9,8.09389350354741,23.0293361329461
"360",767,"ERHAI Lake",25.78,100.18,"China","Lake",2113,16,1,18.0479525772172,11.2792956100964
"361",770,"VICENTE GUERRERO Reservoir",23.96,-98.78,"Mexico","Reservoir",201,18,2,25.1441089419265,10.7486948193833
"362",771,"WASEKAMIO Lake",56.56,-108.65,"Canada","Lake",424,19,5,5.303164691849,19.2311002577686
"363",773,"UUREG Lake",50.15,91.01,"Mongolia","Lake",1406,19,5,5.31379505206521,17.2045087738362
"364",779,"WAPAWEKKA Lake",54.9,-104.66,"Canada","Lake",375,13,5,5.920891954232,19.6512549525473
"365",782,"PASFIELD Lake",58.37,-105.31,"Canada","Lake",410,17,4,3.8914301370262,15.0239591320757
"366",783,"LAMA",69.35,89.22,"Russia","Lake",27,39,4,1.68589471523285,16.3857343066852
"367",791,"SHIJIU Lake",31.46,118.87,"China","Lake",1,11,1,18.2628960844261,26.0368838382179
"368",792,"NERPICHYE",69.29,160.18,"Russia","Lake",2,30,4,1.72642800829211,14.2085854476652
"369",794,"SARTLAN",54.98,78.56,"Russia","Lake",112,18,5,6.34004949383467,22.9338945561809
"370",797,"RED SUCKER Lake",54.14,-93.67,"Canada","Lake",218,10,5,4.9946485007215,18.248848643768
"371",799,"ZZZZ",31.17,47.83,"Iran; Iraq","Lake",8,34,2,23.0885127388653,18.1368695502416
"372",800,"CORANGAMITE",-38.2,143.38,"Australia","Lake",144,17,8,14.9123484855921,11.8278055224128
"373",801,"FEIA",-22.02,-41.32,"Brazil","Lagoon",1,8,6,25.5876929815092,6.80585199018766
"374",804,"SACHIGO",53.8,-92.07,"Canada","Lake",254,18,5,5.13938843248781,19.6009751340561
"375",805,"BICHE, Lac la",54.86,-112.07,"Canada","Lake",570,19,5,6.17258177951556,20.3735570061514
"376",806,"QAROUN",29.47,30.61,"Egypt","Lake",25,14,2,22.3968434089393,13.6806068625014
"377",810,"PLONGE, Lac la",55.12,-107.34,"Canada","Lake",450,17,5,5.6006567014943,18.8575602760521
"378",811,"STORA LULEVATTEN",67.28,19.12,"Sweden","Reservoir",398,30,4,2.24480924322695,11.9673219007519
"379",817,"GREAT BITTER Lake",30.29,32.44,"Egypt","Lake",9,9,2,23.0997851501159,12.7544251148452
"380",818,"TAAL Lake",13.99,121.01,"Philippines","Lake",86,13,3,29.524754310493,4.24617123775324
"381",824,"MOULTRIE",33.31,-80.07,"United States","Reservoir",21,11,2,20.0428868126031,19.7686026163296
"382",825,"TISHKE",66.28,31.86,"Russia","Lake",118,19,4,4.16045307510465,17.7256919149873
"383",827,"DALI NUO'ER",43.3,116.62,"China","Lake",1216,14,5,6.80713038739828,21.9695715685232
"384",829,"LANGANO Lake",7.61,38.76,"Ethiopia","Lake",1640,12,6,24.260101272353,3.40670659366096
"385",831,"RUPANCO Lake",-40.83,-72.44,"Chile","Lake",292,11,8,13.9309272497743,8.32402062946664
"386",833,"SIRINDHORN",15.01,105.39,"Thailand","Reservoir",120,11,3,29.0605890015263,4.88120350296722
"387",836,"SALVADOR",29.76,-90.25,"United States","Lake",0,13,2,22.6471292620329,18.5323674347535
"388",837,"WATERHEN Lake",52.09,-99.57,"Canada","Lake",253,12,5,7.02582598893961,22.4171129322828
"389",840,"YALPUH Lake",45.48,28.63,"Ukraine","Lake",10,15,9,12.0119419123611,25.4595541705543
"390",849,"BLACKWATER Lake",63.99,-123.12,"Canada","Lake",217,26,4,2.89361474323517,15.3583423209337
"391",851,"TENIS",56.12,71.93,"Russia","Lake",80,22,5,6.34019710912408,22.7424035848403
"392",870,"ZZZZ",49.04,48.2,"Kazakhstan","Lake",8,8,9,10.8247955171791,27.7807594354338
"393",872,"WHITE Lake",29.74,-92.5,"United States","Lake",0,13,2,22.3107692699337,18.7415633707073
"394",876,"WEISHAN Lake",34.61,117.24,"China","Lake",7,22,1,15.7927153620888,28.2589725691207
"395",881,"BURDUR Lake",37.73,30.21,"Turkey","Lake",1003,9,1,16.1506254416615,18.3805626951251
"396",882,"UPPER UGASHIK Lake",57.67,-156.7,"United States","Lake",6,19,4,4.46417947090191,12.4133807551782
"397",883,"MONO Lake",38.01,-118.96,"United States","Lake",1955,13,9,11.8543699178265,20.3269429228684
"398",892,"FUXIAN Lake",24.49,102.89,"China","Lake",1801,6,2,18.9497112791742,8.96744067310306
"399",893,"NEUCHÂTEL",46.9,6.84,"Switzerland","Lake",452,14,1,13.2863489198925,16.7182879084375
"400",894,"MOLOCHNYI Lake",46.54,35.34,"Ukraine","Lake",3,15,9,11.1712515002742,25.4394495872592
"401",902,"TEKE",53.84,72.95,"Kazakhstan","Lake",111,16,9,8.98440898653285,27.1026106472764
"402",904,"WASWANIPI",49.6,-76.5,"Canada","Lake",257,14,5,5.49789695108914,20.1297231560453
"403",907,"SHALKAR",50.57,51.67,"Kazakhstan","Lake",27,16,9,9.0649200987251,24.7275097468369
"404",908,"LOCHE, Lac la",56.46,-109.48,"Canada","Lake",447,14,5,5.67317447910828,19.7029167123469
"405",910,"CANOE Lake",55.18,-108.23,"Canada","Lake",451,14,5,6.16278378968551,20.4963955918808
"406",913,"XURU Lake",30.27,86.41,"China","Lake",4712,11,4,4.44720960304136,11.4759023388675
"407",915,"CABALIANA",-3.33,-60.79,"Brazil","Lake",28,13,3,30.8251734134541,1.45201246994889
"408",917,"ZIMBAMBO",-8.11,26.88,"DR Congo","Lake",586,9,3,28.6025671570745,5.2976451853869
"409",920,"TELMEN Lake",48.83,97.33,"Mongolia","Lake",1772,15,5,4.61014709562812,17.1070720387237
"410",929,"GEORGE",29.33,-81.61,"United States","Lake",1,8,2,23.9262039261248,16.394689869667
"411",931,"ROBERT S. KERR Reservoir",35.38,-94.95,"United States","Reservoir",152,9,1,19.1731206539289,22.3907017003746
"412",934,"PUKAKI",-43.97,170.15,"New Zealand","Reservoir",540,13,7,10.999698842111,8.25515794354945
"413",936,"YANISYARNI",62.01,30.9,"Russia","Lake",73,13,5,6.13273756195169,20.6661589745319
"414",944,"BOLSHOYE MORSKOYE",70.05,158.77,"Russia","Lake",12,30,4,1.45669172145576,12.241681801251
"415",949,"NAMEW Lake",54.17,-102.01,"Canada","Lake",266,9,5,5.8697530335296,19.6008824976723
"416",953,"URUA",-2.26,-56.63,"Brazil","Lake",17,32,3,30.3354341439866,1.2323545123427
"417",954,"INLAND Lake",66.46,-159.84,"United States","Lake",0,20,4,2.85776368320697,15.94766965991
"418",957,"ALAOTRA",-17.49,48.51,"Madagascar","Lake",751,12,6,24.5105213874549,8.43678711615206
"419",960,"MALYE CHANY",54.57,77.96,"Russia","Lake",105,12,5,6.33687861803512,23.1473219222971
"420",962,"DEL TORO",-51.22,-72.71,"Chile","Lake",170,15,7,7.25386134775443,7.4133647590819
"421",977,"REED Lake",54.64,-100.45,"Canada","Lake",278,15,5,5.65658421446432,19.8024719045872
"422",982,"SANGIIN DALAY Lake",49.22,99.1,"Mongolia","Lake",1930,10,4,3.43126202807868,15.0680221769496
"423",983,"RINQIN XUB Lake",31.27,83.42,"China","Lake",4845,8,4,4.18727613655513,12.0865257512026
"424",985,"ULAKH ULYUNG",68.23,151.34,"Russia","Lake",28,12,4,2.4617441671003,19.1099987677178
"425",989,"ZIGE TANG Lake",32.08,90.84,"China","Lake",4538,11,4,4.67033009819387,13.4765382506847
"426",990,"GEHU Lake",31.6,119.81,"China","Lake",3,14,1,18.2961531135905,26.9753858218144
"427",1003,"TALBOT Lake",54.01,-99.9,"Canada","Lake",257,16,5,5.65984529396387,20.5327992988804
"428",1007,"GUÁRICO Reservoir",9.05,-67.37,"Venezuela","Reservoir",85,9,3,29.4344122345125,5.17315900269539
"429",1009,"MISSISA Lake",52.31,-85.2,"Canada","Lake",161,14,5,5.19087929086578,19.1870512677577
"430",1010,"LOWER UGASHIK Lake",57.49,-156.88,"United States","Lake",8,15,4,4.42499804301315,12.2093450773051
"431",1011,"BOLSHOY UVAT",57.54,70.47,"Russia","Lake",65,20,5,5.84372168960465,23.5269466240685
"432",1013,"RØSSVATNET",65.79,14.11,"Norway","Lake",401,15,4,1.7277183467149,10.6695570747262
"433",1019,"MAHONEY Lake",65.5,-125.36,"Canada","Lake",238,23,4,2.91876086247311,16.0791236083766
"434",1026,"AMERICAN FALLS Reservoir",42.92,-112.75,"United States","Reservoir",1325,15,9,9.26865772074078,21.7609512594337
"435",1028,"BOLMEN",56.92,13.67,"Sweden","Lake",150,9,9,8.54969505071157,22.4097723228985
"436",1029,"EVORON",51.48,136.51,"Russia","Lake",80,11,5,6.41388033597151,25.2625955858762
"437",1031,"CHAGAN Lake",45.25,124.26,"China","Lake",123,20,9,8.54077964549687,26.2633597556549
"438",1035,"KYZYLKAK",53.43,73.77,"Kazakhstan","Lake",28,13,9,8.47460399858499,27.5860965298923
"439",1046,"KABAMBA",-7.9,27.04,"DR Congo","Lake",586,7,3,28.6236113275117,5.01206484152731
"440",1053,"ATHAPAPUSKOW Lake",54.53,-101.62,"Canada","Lake",287,15,5,5.58330740941911,18.9992051885981
"441",1058,"MAMAWI Lake",58.62,-111.46,"Canada","Lake",212,12,5,5.94908313294579,22.1045396040066
"442",1060,"CIENAGA DE PAJARAL",10.82,-74.55,"Colombia","Lake",2,8,3,31.4243586861309,3.5984420456904
"443",1061,"NILAKKA",63.12,26.46,"Finland","Lake",107,11,5,5.30656135131953,20.7949439368336
"444",1062,"WEKUSKO/WEKISKO Lake",54.76,-99.82,"Canada","Lake",256,10,5,5.80175298940054,19.8871948987534
"445",1063,"HADA NAIHAOLAI",49.07,117.93,"China","Lake",541,13,5,5.70181435917933,22.7026675999676
"446",1066,"BAM Lake",31.25,90.58,"China","Lake",4615,14,4,5.13117175638333,13.3188666367584
"447",1071,"KESAGAMI Lake",50.31,-80.32,"Canada","Lake",194,12,5,5.46410339971679,21.3804333157009
"448",1076,"DUKAN Lake",36.11,44.9,"Iraq","Reservoir",568,10,2,20.2093842779572,18.7776954829878
"449",1079,"CUONA",32.02,91.48,"China","Lake",4586,10,4,5.05084775070471,13.1691255225834
"450",1083,"ELTON",49.15,46.67,"Russia","Lake",20,13,9,10.6859597861326,29.8077121305663
"451",1109,"VILLARRICA",-39.26,-72.09,"Chile","Lake",229,11,8,14.0835055557328,9.98217545308197
"452",1110,"HIRFANLI",39.16,33.69,"Turkey","Reservoir",848,11,1,14.7217634498175,17.6427723246932
"453",1115,"NEUSIEDLER Lake",47.8,16.78,"Austria; Hungary","Lake",110,10,9,10.6082851052208,25.343202024531
"454",1116,"ROSSIGNOL",44.2,-65.08,"Canada","Reservoir",74,6,9,9.28227596702331,23.2952553569823
"455",1121,"NEGRA",-34.05,-53.65,"Uruguay","Lagoon",44,7,8,18.1119350567536,13.6694159439848
"456",1128,"WALKER Lake",38.7,-118.71,"United States","Lake",1339,9,1,14.6143699454303,18.3285714600848
"457",1129,"GRAND Lake",29.9,-92.75,"United States","Lake",0,9,2,21.9504173240471,18.9470807262769
"458",1130,"TUOSU Lake",37.13,96.94,"China","Lake",2797,10,5,6.59685277751712,16.4093523780923
"459",1145,"KUS",40.19,27.96,"Turkey","Lake",24,8,1,16.3476800506439,21.8554009998887
"460",1146,"ABIJATA Lake",7.6,38.59,"Ethiopia","Lake",1640,6,6,23.4355068801037,3.65721955010688
"461",1148,"MATTAMUSKEET",35.5,-76.2,"United States","Lake",1,10,1,17.868988681199,22.7402157489749
"462",1169,"WABIGOON Lake",49.65,-92.54,"Canada","Lake",378,6,5,7.08501665092804,21.9603947002039
"463",1170,"GREAT Lake",-41.89,146.75,"Australia","Reservoir",1155,13,7,8.87188003003302,13.4187874630289
"464",1174,"JILI Lake",46.92,87.45,"China","Lake",481,11,9,8.72753213017053,24.0968335763967
"465",1184,"GUSINOYE",51.2,106.39,"Russia","Lake",547,13,5,6.27729674572276,21.3156153499281
"466",1187,"OZHOGINO",69.25,146.64,"Russia","Lake",46,20,4,1.96092361093978,15.9091944666443
"467",1188,"CLEAR Lake",39.02,-122.77,"United States","Lake",474,8,1,17.2671100405593,17.6239380619685
"468",1190,"GRANGE DE MONTE ALEGRE",-2.29,-54.31,"Brazil","Lake",22,38,3,29.6095932543578,0.49071021811069
"469",1193,"CANYON FERRY Lake",46.5,-111.56,"United States","Reservoir",1249,13,9,8.05923414486695,21.5745078321886
"470",1195,"ZZZZ",-54.07,-69.04,"Chile","Lake",77,15,7,5.98862448840888,7.81613912023529
"471",1196,"GALILEE, Sea of",32.8,35.59,"Israel","Lake",-202,10,2,23.2124717674064,13.456689267242
"472",1199,"DEVILS Lake",48.02,-98.97,"United States","Lake",433,27,5,7.19602978335726,21.9720343368581
"473",1201,"VANAJAVESI",61.18,24.09,"Finland","Lake",93,9,5,6.58864168559772,20.8288305433073
"474",1204,"KASUMIGAURA",36.05,140.37,"Japan","Lake",1,13,1,16.7877801789711,22.6731901548045
"475",1205,"DAIHAI Sea",40.55,112.66,"China","Lake",1312,5,9,9.17775570059164,23.5470839206253
"476",1206,"DUSHAN Lake",34.97,116.87,"China","Lake",30,31,1,15.2521981397466,27.0596779803012
"477",1207,"PUYEHUE",-40.68,-72.47,"Chile","Lake",249,8,8,13.594821979772,9.29019433526689
"478",1208,"CHLYA",53.43,140.04,"Russia","Lake",5,13,5,5.54737129852668,21.8297973249793
"479",1221,"PELICAN Lake",52.46,-100.34,"Canada","Lake",256,12,5,6.96741616014149,22.16597505701
"480",1222,"BEAVERHILL Lake",53.46,-112.54,"Canada","Lake",674,10,5,6.46140108410752,21.6185835449129
"481",1236,"ULUBAT",40.17,28.59,"Turkey","Lake",7,8,1,16.502963916261,23.9813166231153
"482",1237,"FINGER Lake",53.15,-93.49,"Canada","Lake",295,18,5,4.90429205295748,19.0810328465505
"483",1240,"PYHÄJÄRVI",61,22.28,"Finland","Lake",52,14,5,6.69157726879148,20.1239038158935
"484",1241,"TEFÉ",-3.45,-64.75,"Brazil","Lake",44,9,3,30.9748888945461,2.62918378051556
"485",1246,"LAPPAJÄRVI",63.15,23.67,"Finland","Lake",85,17,5,5.70727650926487,20.065252067211
"486",1248,"BARINGO",0.63,36.08,"Kenya","Lake",1056,7,3,27.9146540962872,1.81848988423773
"487",1249,"WALKER Lake",54.7,-96.94,"Canada","Lake",210,9,5,5.61559106391952,21.3398237955576
"488",1257,"TAGE",-3.89,136.33,"Indonesia","Lake",1563,8,6,23.3325092871585,0.917472325685793
"489",1259,"STROBEL",-48.37,-71.23,"Argentina","Lake",733,8,7,5.97309004433793,5.41196962257738
"490",1264,"JUNÍN",-11.02,-76.15,"Peru","Lake",3975,9,8,13.353418428814,2.75451190911299
"491",1266,"WELLINGTON",-38.1,147.32,"Australia","Lake",26,8,8,15.9510784360033,12.474992224149
"492",1270,"BOHU Lake",30.15,116.44,"China","Lake",11,7,1,18.895509683427,26.4278136500187
"493",1282,"TEPOUMA",-1.81,-56,"Brazil","Lake",27,8,3,30.4119164855038,0.958168281256835
"494",1286,"KARASOR",49.87,75.57,"Kazakhstan","Lake",628,12,5,6.38554674982245,21.6938169580304
"495",1293,"ZZZZ",34.2,45.02,"Iraq","Reservoir",96,15,2,21.1758701496987,18.4826829907507
"496",1294,"AIRAG Lake",48.9,93.44,"Mongolia","Lake",1058,13,5,7.01313763302616,22.5725848339473
"497",1295,"LLANCANELO",-35.62,-69.15,"Argentina","Lake",1337,17,8,12.2958207173564,16.8943225627696
"498",1307,"MAINIT",9.44,125.52,"Philippines","Lake",34,6,3,29.8570297777953,2.97323937190598
"499",1323,"PALUNG Lake",30.87,83.58,"China","Lake",5182,9,4,3.28292541906716,10.5760041489143
"500",1327,"TUDAKUL Lake",39.85,64.83,"Uzbekistan","Lake",196,13,1,15.6840116584008,23.1782612511444
"501",1355,"GENERAL VINTTER/PALENA Lake",-43.93,-71.53,"Argentina; Chile","Lake",974,5,7,7.85970865374238,7.34056094026993
"502",1358,"FUTOU Lake",30.04,114.2,"China","Lake",22,6,2,20.5103327612183,23.250934525813
"503",1359,"WANAPITEI Lake",46.73,-80.74,"Canada","Lake",278,11,5,7.63654403904428,20.6710988896621
"504",1360,"QAMYSTYBAS",46.2,61.78,"Kazakhstan","Lake",58,10,9,10.1977908722998,25.9760461020408
"505",1361,"ZZZZ",22.99,-106.11,"Mexico","Lagoon",3,3,3,27.1650683839118,9.40826268869424
"506",1368,"KISSIMMEE",27.9,-81.27,"United States","Lake",15,6,2,25.2329606406054,14.4490238683785
"507",1370,"CALLING Lake",55.24,-113.31,"Canada","Lake",596,12,5,6.14521982824042,19.5787024273318
"508",1375,"CANDLE Lake",53.82,-105.29,"Canada","Lake",495,11,5,6.06885599178571,20.1109081478461
"509",1377,"ROMBEBAI",-1.87,137.92,"Indonesia","Lake",5,7,3,30.831880916423,1.12282879793234
"510",1381,"SOLUNTAKH",71.71,143.24,"Russia","Lake",14,20,4,1.75451111133611,14.7246038711096
"511",1382,"DUNG Lake",31.7,91.16,"China","Lake",4560,6,4,4.79362970904608,13.4625075888512
"512",1392,"TYRIFJORDEN",60.02,10.17,"Norway","Lake",87,6,5,6.57555523416108,20.8268927020176
"513",1421,"NANHU Lake",31.11,118.89,"China","Lake",1,13,1,17.7198321011798,27.9250809683881
"514",1422,"HINDMARSH",-36.04,141.91,"Australia","Lake",120,9,8,15.964092189463,12.7421109561341
"515",1423,"SKAGERN",58.99,14.25,"Sweden","Lake",69,9,9,8.07622770491834,19.8240306358904
"516",1424,"GOOSE Lake",54.44,-101.54,"Canada","Lake",274,12,5,6.19174508527537,21.3952825044049
"517",1425,"WASEKAMIO Lake",56.74,-108.76,"Canada","Lake",423,8,5,5.4982695265551,19.9786920626835
"518",1430,"LUOMA Lake",34.06,118.21,"China","Lake",1,15,1,15.9827351325721,27.8553389028591
"519",1434,"ÁLVARO  OBREGÓN",27.97,-109.8,"Mexico","Reservoir",86,8,2,25.4355313401726,13.063669709218
"520",1467,"ROSS R. BARNETT Reservoir",32.47,-90.01,"United States","Reservoir",88,6,2,21.0588896018177,21.0589862502358
"521",1479,"ATITLÁN, Lago de",14.67,-91.2,"Guatemala","Lake",1615,5,6,22.8679944829127,3.13507057304898
"522",1489,"WINEFRED Lake",55.51,-110.53,"Canada","Lake",595,10,5,5.54266731660736,19.8261030648772
"523",1493,"APOPKA",28.62,-81.62,"United States","Lake",22,7,2,24.4297857543333,15.4510108507863
"524",1498,"SEBAGO Lake",43.85,-70.55,"United States","Lake",85,5,9,10.2915164793331,23.906871311441
"525",1505,"SNIARDWY",53.76,21.75,"Poland","Lake",131,8,9,8.89386765011934,22.9286429595877
"526",1510,"QUILL LAKES, East",51.91,-104.04,"Canada","Lake",518,13,5,6.242160143119,21.4848664500266
"527",1511,"PELLEGRINI Lake",-38.7,-68.01,"Argentina","Lake",281,7,8,15.0245166107638,14.5686644114684
"528",1516,"BAUNT",55.21,112.98,"Russia","Lake",1127,9,4,3.51424190173786,17.8449670513394
"529",1518,"CILDIR",41.03,43.23,"Turkey","Lake",1969,8,5,7.56283282809535,19.7728173038405
"530",1524,"GORDON Lake",56.51,-110.45,"Canada","Lake",458,11,5,5.56654443019066,20.7376410458823
"531",1529,"TRASIMENO",43.14,12.1,"Italy","Lake",259,9,1,15.943788108634,21.2340503515296
"532",1535,"GRANDE DO CURUAI",-2.15,-55.51,"Brazil","Lake",18,24,3,30.4634744001993,1.39131205215126
"533",1537,"VICTORIA",-34.02,141.3,"Australia","Lake",52,7,8,17.5362659550193,13.4260024021499
"534",1540,"ZZZZ",67.55,-127.06,"Canada","Lake",293,16,4,2.52705190387629,14.6696797009595
"535",1547,"CREAN Lake",54.09,-106.17,"Canada","Lake",524,9,5,5.96411978447641,19.2004689115919
"536",1555,"INDAWGYI Natural Lake",25.15,96.34,"Burma","Lake",288,5,3,27.5508774340453,10.757552971378
"537",1569,"NIDILI",63.61,125.19,"Russia","Lake",136,12,4,3.34811348374169,21.1424489298934
"538",1573,"UNARBA 2-ya",68.38,155.08,"Russia","Lake",28,12,4,2.42624684936404,15.9236665022208
"539",1576,"ZZZZ",64.62,-121.61,"Canada","Lake",159,13,4,3.86112144262633,18.1818127601269
"540",1582,"NIGHT HAWK Lake",48.44,-80.98,"Canada","Lake",287,9,5,6.92163320006806,23.1912815217995
"541",1583,"CALAFQUÉN",-39.53,-72.15,"Chile","Lake",262,7,8,14.5020125806033,9.78044405144551
"542",1594,"SUGGI Lake",54.36,-102.78,"Canada","Lake",289,11,5,6.18691376023475,21.3026816240408
"543",1596,"BOLSENA",42.6,11.93,"Italy","Lake",368,8,1,16.4419724660903,16.8248432529622
"544",1608,"KIRPILSKIY, BOLSHOY ORLINYY, ZOLOTOY, et al.",45.82,38.19,"Russia","Lake",11,11,9,11.9585247513086,26.8978847687058
"545",1616,"POELELA",-24.52,35.02,"Mozambique","Lagoon",11,4,6,25.4881717854409,7.84473336745996
"546",1618,"MIYUN Reservoir",40.51,116.94,"China","Reservoir",130,10,9,10.7589436290606,25.9526690108839
"547",1623,"WILLIAM Lake",53.89,-99.38,"Canada","Lake",266,10,5,5.39311403867433,21.1120989077242
"548",1627,"AZUEI",18.57,-71.96,"Haiti; Dominican Republic","Lake",33,7,3,28.1056395410893,3.47650679659765
"549",1629,"BULMER Lake",62.8,-120.77,"Canada","Lake",183,8,5,4.28688207385266,19.8626314981629
"550",1632,"NARVSKOYE VODOKHRANILISHCHE",59.28,28.15,"Russia; Estonia","Lake",22,9,5,7.15984482145785,23.013471731844
"551",1640,"DAVY Lake",58.87,-108.26,"Canada","Lake",346,6,5,4.96716565788268,19.9198693759039
"552",1649,"MÜRITZ",53.42,12.68,"Germany","Lake",63,9,9,9.93438261364372,22.0282033125082
"553",1656,"ZZZZ",-29.7,-50.09,"Brazil","Lagoon",28,7,6,21.0162450435773,10.9683489614702
"554",1658,"DONGPING Lake",36.01,116.18,"China","Lake",13,8,1,14.3345366952959,28.5753144947155
"555",1659,"NAIVASHA",-0.77,36.36,"Kenya","Lake",2074,7,6,21.8383506429855,1.86220384806523
"556",1666,"ZZZZ",67.69,-131.79,"Canada","Lake",157,15,4,2.89733222057023,15.9938301301012
"557",1676,"EGG Lake",55.06,-105.56,"Canada","Lake",379,10,5,6.17750502421528,21.6094346152033
"558",1703,"KISTIGAN Lake",54.6,-92.66,"Canada","Lake",192,6,5,4.93652411998896,19.9156046750685
"559",1706,"ROCKY Lake",54.12,-101.48,"Canada","Lake",261,8,5,6.09044386199942,20.6752595668421
"560",1714,"POYGAN",44.12,-88.87,"United States","Lake",229,10,9,10.0321580815647,27.2627052274838
"561",1734,"OMUK-KYUEL'",71.01,147.16,"Russia","Lake",9,22,4,1.43704235970642,15.8065269682026
"562",1735,"MALARTIC",48.34,-78.11,"Canada","Lake",304,6,5,6.59709303529624,23.0077917843476
"563",1740,"MARFIL",-15.52,-60.24,"Bolivia; Brazil","Lake",247,4,3,28.8676688342838,5.22488607867135
"564",1745,"SKILAK Lake",60.44,-150.4,"United States","Lake",73,8,4,2.57011963116379,11.5915468942902
"565",1748,"ALMANOR",40.26,-121.19,"United States","Lake",1403,9,9,10.4649151398371,22.728386493012
"566",1752,"PARANAPITINGA, POCÃO GRANDE, Lago do",-2.11,-55.63,"Brazil","Lake",23,7,3,30.6985487741442,1.44876702120783
"567",1756,"GREAT SACANDAGA Lake",43.2,-74.1,"United States","Reservoir",252,4,9,9.38006377345492,24.1161897822726
"568",1761,"CASCADE",44.63,-116.1,"United States","Reservoir",1526,6,5,7.99416571318141,22.8251709588473
"569",1771,"RWERU",-2.39,30.32,"Burundi; Rwanda","Lake",1373,6,6,25.0881922276176,2.83394920352106
"570",1774,"KABELE",-8.94,25.97,"DR Congo","Lake",607,8,3,27.6954862048279,5.23093030532051
"571",1787,"BOLSHOYE EROVNOYE",52.62,111.49,"Russia","Lake",954,9,5,4.55928577448279,20.1316416441532
"572",1793,"SHALKAR-EGAKARA",50.75,60.89,"Russia","Lake",304,6,5,7.38105308312815,23.7916944059666
"573",1801,"KABWE",-9.16,26.02,"DR Congo","Lake",586,5,3,27.6908890153895,5.57049783834444
"574",1802,"SAN PEDRO",-31.37,-60.47,"Argentina","Lake",9,12,6,21.0159502192359,12.9299913607475
"575",1815,"LITTLE SACHIGO Lake",54.15,-92.11,"Canada","Lake",226,9,5,5.04577569889906,20.3676229061465
"576",1818,"MANITOU",45.78,-81.99,"Canada","Lake",226,6,9,8.44758616772557,21.9110514192107
"577",1831,"GLAFSFJORDEN",59.52,12.7,"Sweden","Lake",64,9,5,7.63511032617494,22.2929404358852
"578",1832,"NORTH WABASCA Lake",56.04,-113.91,"Canada","Lake",550,9,5,6.10995357084293,21.1123527116259
"579",1840,"ERCEK",38.67,43.59,"Turkey","Lake",1850,8,9,10.8402925157832,22.4624979917382
"580",1841,"INAWASHIRO",37.47,140.09,"Japan","Lake",530,6,9,12.2827667849747,22.1069924231223
"581",1853,"MANDIORÉ",-18.13,-57.56,"Brazil; Bolivia","Lake",232,7,3,28.0852486615206,8.36607170907968
"582",1869,"IHOTRY",-21.94,43.67,"Madagascar","Lake",72,9,6,26.6588003187324,8.7940105185586
"583",1887,"ZZZZ",53.88,70.65,"Kazakhstan","Lake",77,8,9,7.9671662842616,28.272440107394
"584",1893,"ROXEN",58.49,15.64,"Sweden","Lake",38,7,9,8.20005813880574,22.2949518850358
"585",1904,"ZZZZ",-0.23,116.47,"Indonesia","Lake",40,5,3,30.4674922157173,1.47124632961054
"586",1908,"SLED Lake",54.46,-107.39,"Canada","Lake",469,8,5,6.12844637964445,21.4484405474845
"587",1910,"PIGEON Lake",53.02,-114.07,"Canada","Lake",850,9,5,6.24148667929407,20.0426807972559
"588",1941,"VALLI DI COMACCHIO",44.6,12.16,"Italy","Lagoon",1,6,1,16.2357290756763,24.6596410923853
"589",1943,"CHIUTA",-14.78,35.85,"Malawi; Mozambique","Lake",634,5,6,25.3223673298132,7.97627360957084
"590",1945,"KEELEY Lake",54.89,-108.13,"Canada","Lake",458,9,5,6.14536307313336,20.49288039575
"591",1951,"QUACHUNA Lake",-13.15,-65.79,"Bolivia","Lake",196,12,3,28.2587893998803,3.2273776271256
"592",1954,"ZZZZ",-17.52,-57.78,"Brazil; Bolivia","Lake",98,13,3,27.8327713702792,7.01347156324026
"593",1975,"EPECUÉN",-37.14,-62.87,"Argentina","Lake",113,8,8,16.0540668276687,15.6439230267725
"594",1984,"UNDEN",58.77,14.46,"Sweden","Lake",116,9,5,7.82162669751321,19.8861776080061
"595",1989,"DOG Lake",51.05,-98.49,"Canada","Lake",248,8,5,7.38695451731131,23.6490271579957
"596",1993,"XIASHAN Reservoir",36.43,119.45,"China","Reservoir",23,7,1,13.6193519761525,28.7160298530928
"597",1997,"SYRKOVOYE",60.65,64.98,"Russia","Lake",60,10,5,4.81279958789037,22.5549935774757
"598",2012,"PUEBLO VIEJO",22.14,-97.89,"Mexico","Lagoon",9,4,3,26.7651428069302,10.31264858004
"599",2015,"BARROS, Lagoa dos",-29.93,-50.37,"Brazil","Lake",136,6,6,21.374568797356,11.7860812221607
"600",2018,"YUELIANG Lake",45.7,123.87,"China","Lake",106,15,9,8.48307435328524,26.2097334362143
"601",2019,"TURSUNSKIY TUMAN",60.56,63.96,"Russia","Lake",46,9,5,5.24656096342827,22.7038643671318
"602",2021,"LAWFORD Lake",54.49,-96.66,"Canada","Lake",207,6,5,5.82217632876315,20.8651773260649
"603",2027,"KOSTROMSKOYE",57.92,40.72,"Russia","Lake",108,8,5,7.18731836070937,24.3838859225706
"604",2048,"LINGGO Lake",33.85,88.58,"China","Lake",5097,7,4,2.31565389651161,9.30608230368661
"605",2054,"VUOHIJÄRVI",61.18,26.7,"Finland","Lake",82,7,5,5.87154298686524,20.9562196304655
"606",2064,"KAWEENAKUMIK Lake",52.82,-99.51,"Canada","Lake",259,7,5,6.67729126204588,23.2383574770866
"607",2092,"CASTILLOS, Laguna de",-34.33,-53.9,"Uruguay","Lake",8,7,8,17.7096337093181,13.1003234259778
"608",2097,"PAKWASH Lake",50.75,-93.53,"Canada","Lake",353,6,5,5.79833463745759,21.0286070450409
"609",2099,"MONTE, Laguna del",-36.99,-62.47,"Argentina","Lake",113,10,8,15.8063921444381,15.6718541037733
"610",2102,"MAWDESLEY Lake",54.03,-100.63,"Canada","Lake",257,5,5,6.37213403272447,22.2826315567297
"611",2104,"DATONG Lake",29.21,112.49,"China","Lake",28,4,2,20.932916106411,22.2282511259335
"612",2107,"OROTKO",70.84,138.39,"Russia","Lake",9,22,4,1.50784255201277,16.1600662543274
"613",2111,"CIENAGA CHILLOA",9.15,-74.06,"Colombia","Lake",27,6,3,31.7594535789299,2.92570463965384
"614",2112,"ITARIM",-2.2,-54.7,"Brazil","Lake",17,24,3,29.8216388951595,0.697417584018581
"615",2117,"BIRCH Lake",62.07,-116.57,"Canada","Lake",194,11,5,4.86442253459876,21.1962765810287
"616",2129,"KAHUL Lake",45.43,28.43,"Ukraine; Moldova","Lake",10,7,9,12.3038250693091,26.5423946736283
"617",2130,"TADENET Lake",68.64,-126.09,"Canada","Lake",182,13,4,2.34081328362907,13.751027504447
"618",2132,"SPRING Lake",41.99,-90.15,"United States","Lake",178,4,9,10.1694679263561,24.8907821470687
"619",2148,"KISHI QARAOY KOLI",54.03,71.34,"Kazakhstan","Lake",48,8,9,8.36941038023925,27.3242137813484
"620",2156,"CHANGDANG Lake",31.61,119.55,"China","Lake",1,7,1,18.6746781238959,26.6154548265437
"621",2162,"GULL Lake",52.54,-114.01,"Canada","Lake",913,8,5,5.63639696860771,19.9816123474854
"622",2167,"LUBANS",56.77,26.88,"Latvia","Lake",105,8,9,7.72008526657509,23.7622339322198
"623",2168,"MILLWOOD Lake",33.77,-93.96,"United States","Lake",85,6,2,19.8408663495702,22.4768335144263
"624",2179,"SEMMENS Lake",55.04,-94.16,"Canada","Lake",167,6,5,4.89339869270432,20.3689333716605
"625",2190,"CHILA, Laguna de",22.22,-98.08,"Mexico","Lake",9,4,3,28.1692041291664,11.8852419962152
"626",2192,"BUFFALO Lake",52.48,-112.92,"Canada","Lake",792,6,5,6.22008922544753,20.7709892074989
"627",2201,"BILIKOL",43.04,70.7,"Kazakhstan","Lake",436,9,9,12.52146160538,26.9706252023525
"628",2226,"KHANSKOYE",46.24,38.35,"Russia","Lake",6,7,9,11.3578343073025,25.9085285153032
"629",2228,"ZZZZ",-52.04,-72.47,"Chile","Lake",86,7,7,6.28502306936647,12.5697343230737
"630",2239,"URYUM",54.55,78.49,"Russia","Lake",107,9,5,6.76132176983189,25.7039214327536
"631",2243,"PARU",-1.9,-55.81,"Brazil","Lake",13,25,3,29.9398452068694,1.02125476521258
"632",2263,"KAZAN Lake",55.55,-108.33,"Canada","Lake",443,6,5,5.93054299328209,21.2590652863531
"633",2264,"KURILSKOYE",51.46,157.1,"Russia","Lake",150,4,4,3.56519359222648,11.2176995404493
"634",2271,"KINKONY",-16.16,45.8,"Madagascar","Lake",63,6,3,28.2125895437884,6.44141712796202
"635",2273,"CHONDUYA",68.58,152.3,"Russia","Lake",29,14,4,2.61545654218227,16.9821713141931
"636",2276,"KOTCHO Lake",59.08,-121.13,"Canada","Lake",620,8,5,4.83875429520664,19.892900448374
"637",2280,"IBERÁ WETLANDS",-28.07,-56.79,"Argentina","Lake",54,4,6,21.6679682439297,13.1430912072166
"638",2285,"EBEYTY",54.65,71.73,"Russia","Lake",114,7,9,7.79151865570222,24.3487058331582
"639",2313,"IHEMA",-1.89,30.77,"Rwanda","Lake",1355,4,6,25.5692974761503,2.76242030736796
"640",2314,"KHUKH Lake",49.52,115.58,"Mongolia","Lake",568,8,5,6.40134603487146,23.1536497308094
"641",2317,"CHIEMSEE",47.88,12.44,"Germany","Lake",526,6,9,10.7426086320096,22.2308423909887
"642",2323,"PEERLESS Lake",56.63,-114.66,"Canada","Lake",689,8,5,5.53865435012464,18.8629337171872
"643",2326,"CHIP Lake",53.65,-115.38,"Canada","Lake",793,8,5,5.80242866431841,23.4950329483945
"644",2330,"HARGRAVE Lake",54.47,-99.68,"Canada","Lake",267,8,5,5.52626089794578,21.9806686570708
"645",2331,"ANDREEVSKOYE",58.92,66.9,"Russia","Lake",50,8,5,5.85333239949012,24.6066589720294
"646",2335,"BIRCH Lake",64.36,-121.96,"Canada","Lake",163,8,4,3.83058721310294,19.0197125753007
"647",2336,"NORRA DELLEN",61.87,16.71,"Sweden","Lake",52,10,5,6.3780143735752,19.8850438640122
"648",2345,"HOUGHTON Lake",44.34,-84.71,"United States","Lake",347,5,9,9.37907397647291,23.8706778912503
"649",2358,"GLAN",58.64,15.98,"Sweden","Lake",29,6,9,8.75451714553315,22.2807272621497
"650",2365,"HAWIZEH MARSHES",31.6,47.63,"Iraq","Lake",7,5,2,22.5907919725582,18.5206569855951
"651",2395,"CADDABASSA",10.21,40.5,"Ethiopia","Reservoir",562,6,3,28.2532934754339,4.26734329807475
"652",2408,"ZZZZ",45.21,33.51,"Ukraine","Lagoon",3,6,9,12.7754272264609,27.1114611344653
"653",2418,"TURTLE Lake",53.61,-108.61,"Canada","Lake",663,6,5,5.03312584608194,18.4052679671935
"654",2420,"WATERHEN Lake",54.48,-108.46,"Canada","Lake",482,6,5,6.00050863471916,21.9676891286638
"655",2421,"CHITEK Lake",52.42,-99.41,"Canada","Lake",262,7,5,6.83227242274894,22.7119903300596
"656",2425,"NARAC",54.86,26.77,"Belarus","Lake",175,7,9,7.85299231137398,21.9652610408804
"657",2436,"WEYAKWIN Lake",54.48,-105.97,"Canada","Lake",606,6,5,5.76791486504429,20.3202660241174
"658",2447,"MARGARET Lake",58.96,-115.41,"Canada","Lake",823,4,4,3.27791752226656,14.3982618651798
"659",2470,"RICHARDSON Lake",58.39,-111.08,"Canada","Lake",213,6,5,6.39715792241882,22.7518835664489
"660",2473,"STORSJÖN",60.57,16.75,"Sweden","Lake",50,6,5,6.98459701358098,21.6726987177669
"661",2477,"WELLESLEY Lake",62.35,-139.82,"Canada","Lake",585,7,4,4.01373574083218,17.2366477708845
"662",2484,"CATEMACO",18.4,-95.04,"Mexico","Lake",353,5,3,27.0000053980842,7.16409145646277
"663",2485,"ZZZZ",67.39,-125.95,"Canada","Lake",301,14,4,2.70922333205072,15.5765051954271
"664",2497,"LEUSHINSKIY TUMAN",59.7,65.71,"Russia","Lake",38,7,5,5.36765429698396,23.7434756329667
"665",2507,"ZZZZ",50.14,68.39,"Kazakhstan","Lake",324,5,9,8.25317555095374,25.218798786106
"666",2518,"ZZZZ",-51.9,-72.33,"Chile","Lagoon",21,8,7,6.43621083903515,13.0019710885542
"667",2528,"CHUKOCHYE",69.39,160.18,"Russia","Lake",2,7,4,2.13279237820267,17.8568000786398
"668",2544,"LENORE Lake",52.5,-104.97,"Canada","Lake",532,7,5,6.40241144001589,22.185993876577
"669",2550,"ZZZZ",9.72,-74.71,"Colombia","Lake",10,6,3,31.3389201255301,2.15971303682002
"670",2554,"LEBSKO Lake",54.71,17.41,"Poland","Lagoon",3,9,9,9.38831823823516,22.3787151987719
"671",2559,"LA GAIBA Lake",-17.75,-57.73,"Bolivia; Brazil","Lake",107,7,3,28.1220326179237,7.43516701722593
"672",2594,"JACKFISH Lake",53.07,-108.4,"Canada","Lake",531,6,5,6.31623259614624,21.4657984667651
"673",2595,"WASKESIU Lake",53.96,-106.25,"Canada","Lake",527,5,5,6.25569719141305,20.5074544111686
"674",2616,"HARRIS",28.76,-81.81,"United States","Lake",21,7,2,24.0724479943664,14.8136780674456
"675",2627,"IK",56.05,71.55,"Russia","Lake",102,7,5,6.58304694394457,23.2797103454618
"676",2655,"TETLIN Lake",63.1,-142.77,"United States","Lake",549,7,5,4.15157560195167,18.9604380892017
"677",2673,"WHITEMOUTH Lake",49.24,-95.68,"Canada","Lake",348,6,5,7.64122407869453,24.6634794808472
"678",2693,"ILOPANGO, Lago de",13.67,-89.05,"El Salvador","Lake",535,4,3,28.4350446691466,3.84635144993987
"679",2695,"RUZHNIKOVA",67.86,155.89,"Russia","Lake",13,9,4,2.70196168225233,16.790334119935
"680",2709,"ARSENAULT Lake",55.1,-108.51,"Canada","Lake",473,6,5,6.27108611781479,21.2668625080844
"681",2725,"ZZZZ",51.86,140.53,"Russia","Lake",15,6,5,5.58258005188085,21.4346218165043
"682",2731,"MURIEL Lake",54.15,-110.69,"Canada","Lake",563,5,5,6.42955518213077,21.9416253212435
"683",2750,"SUTURUAKA",69.15,145.4,"Russia","Lake",57,12,4,2.23272203525072,18.7045659072571
"684",2762,"CORONDA",-32.08,-60.87,"Argentina","Lake",16,40,8,20.012790039676,13.2432473319291
"685",2799,"PHELPS Lake",35.77,-76.47,"United States","Lake",3,5,1,17.4702176348049,22.114373250474
"686",2898,"GRENADA Lake",33.86,-89.72,"United States","Lake",71,5,2,20.5379478722961,20.6324792913298
"687",2926,"ORON",54.83,112.25,"Russia","Lake",1181,4,4,3.16265080767722,16.9436384579688
"688",2927,"VARANO, Lago di",41.88,15.74,"Italy","Lagoon",0,6,1,18.3641263415467,17.1500149177811
"689",2940,"TUMAN",59.63,66.34,"Russia","Lake",25,6,5,5.56782202587618,25.7216401766272
"690",2944,"REDBERRY Lake",52.68,-107.15,"Canada","Lake",519,6,5,6.36949874608654,20.9207284440522
"691",2955,"UVILDY",55.54,60.5,"Russia","Lake",275,6,5,6.29270229406105,22.2997345452249
"692",2960,"ZZZZ",67.98,-132.93,"Canada","Lake",208,11,4,2.83229002930382,18.4621277313288
"693",2961,"KURCHANSKIY",45.28,37.5,"Russia","Lagoon",3,4,9,12.6561494955292,27.3660832850251
"694",2974,"KELSEY Lake",53.64,-101.04,"Canada","Lake",258,5,5,5.41694319747347,21.7961753087278
"695",2978,"BURT Lake",45.47,-84.67,"United States","Lake",186,5,9,9.11671884461486,24.0649673420638
"696",2988,"ALLEMANDS, Lac des",29.92,-90.57,"United States","Lake",0,4,2,22.8737822412846,19.2756802803817
"697",3002,"ZZZZ",68.95,-133.66,"Canada","Lake",48,8,4,2.62062728345115,16.913711437249
"698",3007,"CIENAGA DE AYAPEL",8.36,-75.07,"Colombia","Lake",29,4,3,31.7594765054521,2.35695688444756
"699",3040,"ZZZZ",52.87,-99.37,"Canada","Lake",264,7,5,6.60444672734316,22.1021928264934
"700",3079,"GARSON Lake",56.32,-110.03,"Canada","Lake",469,6,5,5.57143522809661,20.855229302945
"701",3097,"VYSHNEVOLOTSKOYE",57.57,34.45,"Russia","Lake",153,6,5,6.39074714417581,22.4557981336169
"702",3129,"ROREY Lake",66.89,-128.43,"Canada","Lake",98,10,4,1.63846504642467,13.0764601077792
"703",3133,"KILEKALE Lake",66.66,-123.98,"Canada","Lake",304,12,4,2.72479607048668,17.2898264833478
"704",3135,"WUSKWATIM Lake",55.55,-98.55,"Canada","Lake",231,5,5,5.34939706739958,20.5172364248082
"705",3150,"ZZZZ",-53.96,-69.39,"Chile","Lake",179,6,7,4.82420997330005,11.3871007911912
"706",3171,"MARRYAT Inlet",68.39,-166.48,"United States","Lagoon",1,14,4,1.70118035573846,11.3780820849921
"707",3188,"STE. ANNE",53.7,-114.4,"Canada","Lake",723,4,5,6.02231545194725,21.0854697219895
"708",3191,"TOWADA",40.46,140.89,"Japan","Lake",479,2,9,10.7745109366413,22.7013581494572
"709",3196,"ÉTANG DE CAZAUX ET DE SANGUINET",44.48,-1.14,"France","Lagoon",24,5,1,15.7362066220998,17.0409821651464
"710",3203,"TALAHONG, DELONG, YANGCAOHAO Lakes",46.79,124.09,"China","Lake",135,11,5,7.89790564856677,27.4473949922388
"711",3208,"ZZZZ",38.93,48.87,"Azerbaijan","Lake",-22,5,1,17.7691736575947,23.3809641131324
"712",3218,"MELINCUÉ Lake",-33.71,-61.48,"Argentina","Lake",91,9,8,17.7575312782173,14.925838204465
"713",3231,"FROG Lake",53.91,-110.34,"Canada","Lake",579,6,5,4.9525335043938,17.9211816262844
"714",3238,"VERRET",29.89,-91.14,"United States","Lake",0,5,2,23.301473523624,18.5636615522124
"715",3243,"KINGSMERE Lake",54.08,-106.46,"Canada","Lake",541,8,5,5.68361348114252,18.9410689647298
"716",3276,"MALOYE EROVNOYE",52.66,111.64,"Russia","Lake",954,6,5,4.27150965301405,21.3718692259384
"717",3281,"ORSASJÖN/ORSA Lake",61.08,14.56,"Sweden","Lake",185,8,5,6.10557199941164,20.601619492835
"718",3307,"BRACCIANO",42.12,12.23,"Italy","Lake",191,4,1,17.4400366701673,17.0597408235429
"719",3312,"KUBUY",71.04,137.76,"Russia","Lake",17,18,4,1.63738873264772,18.2146954331523
"720",3365,"ARAKHLEY",52.21,112.87,"Russia","Lake",977,5,4,4.50200225058358,19.4276592468638
"721",3379,"RAZNAS",56.33,27.43,"Latvia","Lake",166,4,5,7.37655683958477,22.522477013336
"722",3392,"MAGISS Lake",52.95,-91.69,"Canada","Lake",291,4,5,5.56321602471591,21.3446786314878
"723",3397,"MONTIGNY, Lac de",48.13,-77.9,"Canada","Lake",304,6,5,6.22835168567825,20.8815310509242
"724",3398,"DYRYN-EBE",67.71,154.54,"Russia","Lake",13,9,4,2.79334894116089,18.5653893457365
"725",3421,"ZZZZ",52.6,65.59,"Kazakhstan","Lake",200,6,5,6.97425525411617,24.4271992013938
"726",3446,"RUFUS Lake",69.58,-129.98,"Canada","Lake",16,10,4,2.00026292285242,13.642469415007
"727",3471,"ZZZZ",-29.63,-60.73,"Argentina","Lake",43,6,6,21.0754672409902,15.0454621290677
"728",3493,"CRATER Lake",42.94,-122.11,"United States","Lake",1959,4,5,7.53458741154507,15.8446008727084
"729",3523,"WABIMEIG Lake",51.47,-85.6,"Canada","Lake",155,4,5,5.05344388436281,19.3636577676895
"730",3529,"ZZZZ",65.22,-125.36,"Canada","Lake",83,7,4,4.11048155872513,20.71956240699
"731",3570,"COLEN Lakes",54.56,-95.39,"Canada","Lake",187,8,5,5.13861872310556,20.1150184720727
"732",3587,"CARDINAL Lake",56.24,-117.72,"Canada","Lake",652,4,5,5.90660649223233,22.21717826456
