"x","y","class","post"
-180,66,4,0.9999
-180,68,4,1
-178,66,4,1
-178,68,4,1
-176,66,4,1
-174,66,4,0.9999
-172,66,4,0.9999
-166,60,4,0.88
-166,66,4,0.9947
-164,60,4,0.8863
-164,62,4,0.8843
-164,66,4,0.9848
-164,68,4,1
-162,60,4,0.713
-162,62,4,0.7998
-162,66,4,0.9417
-162,68,4,1
-162,70,4,1
-160,56,5,0.8841
-160,60,4,0.57
-160,62,5,0.6918
-160,64,4,0.5981
-160,66,4,0.8565
-160,68,4,0.9999
-160,70,4,1
-158,60,5,0.6171
-158,62,5,0.7408
-158,64,5,0.6684
-158,66,4,0.7947
-158,68,4,0.9999
-158,70,4,1
-156,58,5,0.8125
-156,60,5,0.684
-156,62,5,0.8265
-156,64,5,0.8273
-156,66,4,0.7078
-156,68,4,1
-156,70,4,1
-154,60,5,0.6222
-154,62,4,0.7192
-154,64,5,0.876
-154,66,4,0.7973
-154,68,4,0.9999
-154,70,4,1
-152,62,4,0.794
-152,64,5,0.7319
-152,66,4,0.7846
-152,68,4,0.9998
-152,70,4,1
-150,60,5,0.9021
-150,62,4,0.5877
-150,64,4,0.8422
-150,66,4,0.772
-150,68,4,0.9998
-150,70,4,0.9999
-148,62,4,0.9951
-148,64,4,0.9594
-148,66,4,0.7091
-148,68,4,0.9998
-148,70,4,0.9999
-146,62,4,0.9656
-146,64,4,0.9478
-146,66,4,0.705
-146,68,4,0.9998
-146,70,4,0.9999
-144,62,4,0.9827
-144,64,4,0.8228
-144,66,5,0.5593
-144,68,4,0.9999
-144,70,4,1
-142,62,4,0.9613
-142,64,4,0.632
-142,66,4,0.7648
-142,68,4,0.9991
-140,60,4,0.9972
-140,62,4,0.6827
-140,64,4,0.5794
-140,66,4,0.9751
-140,68,4,0.9968
-138,60,4,0.8621
-138,62,4,0.6717
-138,64,4,0.6331
-138,66,4,0.9878
-138,68,4,0.9978
-136,58,5,0.9376
-136,60,4,0.8331
-136,62,5,0.6854
-136,64,4,0.7766
-136,66,4,0.9595
-136,68,4,0.9904
-134,60,4,0.8177
-134,62,4,0.538
-134,64,4,0.7373
-134,66,4,0.8506
-134,68,4,0.9742
-132,54,9,0.9923
-132,56,5,0.9738
-132,58,4,0.579
-132,60,4,0.7236
-132,62,4,0.7819
-132,64,4,0.9658
-132,66,4,0.6798
-132,68,4,0.9736
-130,54,9,0.8152
-130,56,5,0.9575
-130,58,4,0.8648
-130,60,5,0.5627
-130,62,4,0.9827
-130,64,4,0.9991
-130,66,5,0.6186
-130,68,4,0.9905
-130,70,4,1
-128,52,9,0.9295
-128,54,5,0.985
-128,56,5,0.8449
-128,58,4,0.8792
-128,60,5,0.9199
-128,62,4,0.9949
-128,64,4,0.9984
-128,66,5,0.5014
-128,68,4,0.9973
-128,70,4,1
-126,50,9,0.9977
-126,52,5,0.9883
-126,54,5,0.9885
-126,56,5,0.7472
-126,58,4,0.9402
-126,60,5,0.7593
-126,62,4,0.9667
-126,64,4,0.8425
-126,66,4,0.8599
-124,40,1,0.9991
-124,42,1,0.9936
-124,44,1,0.9965
-124,48,1,0.8393
-124,50,5,0.92
-124,52,5,0.9892
-124,54,5,0.9868
-124,58,5,0.5777
-124,60,5,0.9779
-124,62,5,0.8617
-124,64,5,0.65
-124,66,4,0.8058
-124,68,4,0.9999
-124,72,4,1
-124,74,4,1
-122,42,9,0.5245
-122,44,1,0.7244
-122,46,1,0.8314
-122,48,1,0.5203
-122,50,5,0.99
-122,52,5,0.9356
-122,54,5,0.9875
-122,56,5,0.9793
-122,58,5,0.9875
-122,60,5,0.9842
-122,62,5,0.9503
-122,64,5,0.6503
-122,66,4,0.9799
-122,68,4,1
-122,72,4,1
-122,74,4,1
-120,36,2,0.8853
-120,38,1,0.9943
-120,40,1,0.5079
-120,42,9,0.9883
-120,44,9,0.9754
-120,46,1,0.842
-120,48,9,0.9065
-120,50,5,0.6724
-120,52,5,0.9791
-120,54,5,0.8852
-120,56,5,0.9908
-120,58,5,0.9909
-120,60,5,0.9788
-120,62,5,0.9127
-120,68,4,1
-120,74,4,1
-120,76,4,1
-118,34,2,0.9475
-118,36,1,0.7871
-118,38,1,0.8911
-118,40,1,0.9385
-118,42,9,0.9768
-118,44,9,0.9991
-118,46,9,0.9887
-118,48,9,0.9993
-118,50,5,0.968
-118,52,5,0.9621
-118,54,5,0.9894
-118,56,5,0.9908
-118,58,5,0.9912
-118,60,5,0.979
-118,62,5,0.9018
-118,64,4,0.6826
-118,66,4,0.9779
-118,68,4,1
-118,72,4,1
-118,74,4,1
-118,76,4,1
-116,32,2,0.9883
-116,34,2,0.9556
-116,36,1,0.5094
-116,38,9,0.7946
-116,40,9,0.9718
-116,42,9,0.9975
-116,44,9,0.9989
-116,46,9,0.9983
-116,48,9,0.9969
-116,50,5,0.9879
-116,52,5,0.5358
-116,54,5,0.983
-116,56,5,0.9906
-116,58,5,0.9905
-116,60,5,0.987
-116,62,5,0.9139
-116,64,4,0.7668
-116,66,4,0.9971
-116,68,4,1
-116,70,4,1
-116,72,4,1
-116,76,4,1
-114,28,2,0.9902
-114,32,2,0.9996
-114,34,2,0.9917
-114,36,1,0.9438
-114,38,9,0.861
-114,40,9,0.6828
-114,42,9,0.9953
-114,44,5,0.979
-114,46,5,0.9226
-114,48,5,0.9495
-114,50,5,0.9674
-114,52,5,0.9303
-114,54,5,0.9753
-114,56,5,0.99
-114,58,5,0.9912
-114,64,4,0.9729
-114,66,4,0.9998
-114,70,4,1
-114,72,4,1
-114,76,4,1
-112,26,2,0.9492
-112,30,2,0.9997
-112,32,2,0.9851
-112,34,2,0.9499
-112,36,1,0.9977
-112,38,9,0.9903
-112,40,5,0.9539
-112,42,5,0.9441
-112,44,5,0.978
-112,46,5,0.8495
-112,48,9,0.883
-112,50,9,0.7749
-112,54,5,0.9842
-112,56,5,0.9868
-112,58,5,0.9908
-112,60,5,0.9782
-112,64,4,0.9981
-112,66,4,1
-112,72,4,1
-112,76,4,1
-112,78,4,1
-110,24,3,0.7417
-110,28,2,0.9413
-110,30,2,0.998
-110,32,2,0.6594
-110,34,1,0.9946
-110,36,1,0.9323
-110,38,1,0.8741
-110,40,9,0.9774
-110,42,5,0.8308
-110,44,5,0.9747
-110,46,5,0.8343
-110,48,9,0.9587
-110,50,5,0.5512
-110,52,5,0.932
-110,54,5,0.9832
-110,56,5,0.9878
-110,58,5,0.9913
-110,60,5,0.9565
-110,62,4,0.6229
-110,64,4,0.9992
-110,66,4,1
-110,70,4,1
-110,72,4,1
-110,78,4,1
-108,26,2,0.9904
-108,28,2,0.9049
-108,30,1,0.9651
-108,32,1,0.9559
-108,34,1,0.9761
-108,36,1,0.8507
-108,38,5,0.7415
-108,40,5,0.7222
-108,42,9,0.7765
-108,44,9,0.897
-108,46,9,0.9994
-108,48,9,0.9602
-108,50,5,0.8511
-108,52,5,0.9376
-108,54,5,0.9684
-108,56,5,0.9905
-108,58,5,0.9777
-108,60,5,0.7119
-108,62,4,0.9753
-108,64,4,0.9998
-108,66,4,1
-108,70,4,1
-108,76,4,1
-106,24,2,0.9997
-106,26,2,0.5004
-106,28,2,0.9678
-106,30,2,0.741
-106,32,1,0.9332
-106,34,1,0.9978
-106,36,1,0.8113
-106,38,5,0.9527
-106,40,5,0.9751
-106,42,9,0.9198
-106,44,9,0.9959
-106,46,9,0.9991
-106,48,9,0.8084
-106,50,5,0.7889
-106,52,5,0.9505
-106,54,5,0.9785
-106,56,5,0.9891
-106,58,5,0.951
-106,64,4,0.9999
-106,66,4,1
-106,68,4,1
-106,70,4,1
-106,72,4,1
-106,76,4,1
-104,20,3,0.5199
-104,22,2,0.7827
-104,24,2,0.8043
-104,26,2,0.9987
-104,28,2,0.9801
-104,30,2,0.8543
-104,32,1,0.8407
-104,34,1,0.9975
-104,36,1,0.7778
-104,38,9,0.5997
-104,40,9,0.9748
-104,42,9,0.9993
-104,44,9,0.9994
-104,46,9,0.986
-104,48,9,0.7831
-104,50,5,0.8223
-104,52,5,0.9675
-104,54,5,0.9785
-104,56,5,0.9864
-104,58,5,0.9316
-104,62,4,0.999
-104,64,4,0.9999
-104,66,4,1
-104,68,4,1
-102,18,3,0.9966
-102,20,2,0.8467
-102,22,2,0.991
-102,24,2,0.8036
-102,26,2,0.9998
-102,28,2,0.998
-102,30,2,0.9404
-102,32,1,0.9508
-102,34,1,0.9973
-102,36,1,0.943
-102,38,9,0.7738
-102,40,9,0.9722
-102,42,9,0.9989
-102,44,9,0.9991
-102,46,9,0.9785
-102,48,9,0.6891
-102,50,5,0.9342
-102,52,5,0.9712
-102,54,5,0.9761
-102,56,5,0.9854
-102,58,5,0.865
-102,60,4,0.9575
-102,62,4,0.9998
-102,64,4,1
-102,66,4,1
-102,70,4,1
-100,18,3,0.8443
-100,20,2,0.7845
-100,22,2,0.5652
-100,24,2,0.9831
-100,26,2,0.9962
-100,28,2,0.9998
-100,30,2,0.9832
-100,32,1,0.7422
-100,34,1,0.9297
-100,36,1,0.9852
-100,38,1,0.8357
-100,40,9,0.751
-100,42,9,0.9975
-100,44,9,0.9987
-100,46,9,0.9949
-100,48,9,0.6827
-100,50,5,0.888
-100,52,5,0.7664
-100,54,5,0.9853
-100,56,5,0.9774
-100,58,5,0.6507
-100,62,4,0.9999
-100,66,4,1
-100,72,4,1
-100,78,4,1
-100,80,4,1
-98,18,6,0.6582
-98,20,2,0.7695
-98,22,3,0.9939
-98,24,2,0.7097
-98,26,2,0.9994
-98,28,2,0.9999
-98,30,2,0.9939
-98,32,2,0.6942
-98,36,1,0.9878
-98,38,1,0.8968
-98,40,9,0.5843
-98,42,9,0.9911
-98,44,9,0.999
-98,46,9,0.997
-98,48,9,0.7215
-98,50,5,0.7943
-98,54,5,0.9857
-98,56,5,0.9633
-98,58,4,0.5958
-98,62,4,0.9999
-98,66,4,1
-98,68,4,1
-98,72,4,1
-98,74,4,1
-98,76,4,1
-96,16,3,0.9149
-96,18,3,0.9701
-96,30,2,0.9976
-96,32,2,0.9492
-96,34,2,0.7606
-96,36,1,0.8902
-96,38,1,0.976
-96,40,1,0.5428
-96,42,9,0.9868
-96,44,9,0.9993
-96,46,9,0.9978
-96,48,9,0.8543
-96,50,5,0.6409
-96,52,5,0.9085
-96,54,5,0.9907
-96,56,5,0.9398
-96,58,4,0.6462
-96,60,4,0.9983
-96,62,4,0.9999
-96,64,4,1
-96,66,4,1
-96,70,4,1
-96,78,4,1
-96,80,4,1
-94,18,3,0.9937
-94,30,2,0.9988
-94,32,2,0.9877
-94,34,2,0.9019
-94,36,1,0.871
-94,38,1,0.9897
-94,40,1,0.8064
-94,42,9,0.9869
-94,44,9,0.999
-94,46,9,0.9989
-94,48,9,0.7546
-94,50,5,0.8359
-94,52,5,0.9776
-94,54,5,0.9899
-94,56,5,0.9008
-94,58,4,0.8952
-94,62,4,0.9999
-94,64,4,1
-94,66,4,1
-94,68,4,1
-94,70,4,1
-94,74,4,1
-94,80,4,1
-92,16,3,0.601
-92,18,3,0.9956
-92,30,2,0.9968
-92,32,2,0.9868
-92,34,2,0.9142
-92,36,1,0.8049
-92,38,1,0.9863
-92,40,1,0.8873
-92,42,9,0.9828
-92,44,9,0.9984
-92,46,9,0.9991
-92,48,9,0.7517
-92,50,5,0.9256
-92,52,5,0.9874
-92,54,5,0.9873
-92,56,5,0.78
-92,64,4,1
-92,66,4,1
-92,68,4,1
-92,74,4,1
-92,76,4,1
-92,80,4,1
-90,14,3,0.8547
-90,16,3,0.956
-90,18,3,0.9932
-90,20,3,0.9972
-90,30,2,0.9992
-90,32,2,0.9851
-90,34,2,0.86
-90,36,1,0.8449
-90,38,1,0.989
-90,40,1,0.8589
-90,42,9,0.9692
-90,44,9,0.9989
-90,46,9,0.9932
-90,48,9,0.6666
-90,50,5,0.9581
-90,52,5,0.9898
-90,54,5,0.9766
-90,56,4,0.7735
-90,64,4,1
-90,66,4,1
-90,68,4,1
-90,74,4,1
-90,76,4,1
-90,80,4,1
-88,14,3,0.8869
-88,20,3,0.9946
-88,32,2,0.9854
-88,34,2,0.8377
-88,38,1,0.9905
-88,40,1,0.776
-88,42,9,0.9768
-88,44,9,0.999
-88,46,9,0.9981
-88,50,5,0.9658
-88,52,5,0.9901
-88,54,5,0.968
-88,56,4,0.9965
-88,66,4,1
-88,72,4,1
-88,80,4,1
-88,82,4,1
-86,12,3,0.9758
-86,14,3,0.9123
-86,32,2,0.9791
-86,34,2,0.8116
-86,36,1,0.7658
-86,38,1,0.9846
-86,40,1,0.7344
-86,42,9,0.9565
-86,44,9,0.9987
-86,46,9,0.9834
-86,50,5,0.9726
-86,52,5,0.9902
-86,54,5,0.9494
-86,64,4,1
-86,68,4,1
-86,72,4,1
-86,80,4,1
-86,82,4,1
-84,10,3,0.8577
-84,12,3,0.9676
-84,14,3,0.9917
-84,22,3,0.9007
-84,32,2,0.9661
-84,34,2,0.8007
-84,36,1,0.8863
-84,38,1,0.9882
-84,40,1,0.6887
-84,42,9,0.9706
-84,44,9,0.9984
-84,46,9,0.9929
-84,48,5,0.7315
-84,50,5,0.9686
-84,52,5,0.9905
-84,54,5,0.8732
-84,64,4,1
-84,66,4,1
-84,68,4,1
-84,70,4,1
-84,72,4,1
-84,78,4,1
-84,80,4,1
-84,82,4,1
-82,28,2,0.9972
-82,30,2,0.9999
-82,32,2,0.9842
-82,34,2,0.8965
-82,36,1,0.966
-82,38,1,0.9943
-82,40,1,0.9575
-82,48,5,0.8524
-82,50,5,0.9759
-82,52,5,0.9895
-82,64,4,1
-82,70,4,1
-82,72,4,1
-82,78,4,1
-82,80,4,1
-80,-6,3,0.5301
-80,-4,3,0.9192
-80,-2,3,0.978
-80,0,6,0.5705
-80,22,3,0.8845
-80,34,2,0.7613
-80,36,1,0.7923
-80,38,1,0.9385
-80,40,1,0.8213
-80,42,9,0.9372
-80,44,9,0.9992
-80,46,9,0.9985
-80,48,5,0.8072
-80,50,5,0.9761
-80,56,4,0.9988
-80,62,4,1
-80,72,4,1
-80,78,4,1
-80,80,4,1
-78,-10,6,0.8393
-78,-8,6,1
-78,-6,6,0.9746
-78,-4,3,0.6954
-78,-2,6,0.9873
-78,0,6,0.9999
-78,2,3,0.9148
-78,8,3,0.9854
-78,34,2,0.8667
-78,36,1,0.7735
-78,38,1,0.9854
-78,40,1,0.9096
-78,42,9,0.9877
-78,44,9,0.999
-78,46,9,0.9883
-78,50,5,0.9889
-78,52,5,0.9847
-78,54,5,0.8967
-78,62,4,0.9999
-78,70,4,1
-78,72,4,1
-78,78,4,1
-78,80,4,1
-76,-14,6,0.9979
-76,-12,8,0.9352
-76,-10,6,0.9943
-76,-8,3,0.9592
-76,-6,3,0.9855
-76,-4,3,0.969
-76,-2,3,0.959
-76,0,3,0.9622
-76,2,6,0.9945
-76,4,6,0.9962
-76,6,6,0.9955
-76,8,3,0.9888
-76,20,3,0.9855
-76,38,1,0.9943
-76,40,1,0.9728
-76,42,9,0.983
-76,44,9,0.9975
-76,46,9,0.9992
-76,48,5,0.9424
-76,50,5,0.989
-76,52,5,0.961
-76,54,5,0.61
-76,56,4,0.9743
-76,60,4,0.9994
-76,62,4,0.9999
-76,68,4,1
-76,70,4,1
-76,72,4,1
-76,78,4,1
-76,80,4,1
-74,-52,7,0.9996
-74,-50,7,1
-74,-48,7,0.9997
-74,-46,7,0.9613
-74,-42,8,0.9642
-74,-16,6,0.9999
-74,-14,8,0.9752
-74,-12,6,0.9999
-74,-8,3,0.9894
-74,-6,3,0.988
-74,-4,3,0.9803
-74,-2,3,0.9725
-74,0,3,0.9605
-74,2,3,0.9207
-74,4,6,0.796
-74,6,3,0.8127
-74,8,3,0.9934
-74,10,3,0.9976
-74,42,9,0.9573
-74,44,9,0.9992
-74,46,9,0.9992
-74,48,5,0.9433
-74,50,5,0.9891
-74,52,5,0.9539
-74,54,4,0.6031
-74,56,4,0.979
-74,58,4,0.9966
-74,60,4,0.9998
-74,62,4,1
-74,66,4,1
-74,68,4,1
-74,70,4,1
-74,80,4,1
-72,-54,7,1
-72,-52,7,1
-72,-50,7,1
-72,-48,7,1
-72,-46,7,0.9993
-72,-44,7,0.9941
-72,-42,8,0.6047
-72,-40,8,0.9912
-72,-38,8,0.9983
-72,-36,8,0.9988
-72,-16,8,0.9995
-72,-14,8,0.9999
-72,-12,6,0.8198
-72,-10,3,0.9789
-72,-8,3,0.9852
-72,-6,3,0.9879
-72,-4,3,0.9883
-72,-2,3,0.9834
-72,0,3,0.9678
-72,2,3,0.9599
-72,4,3,0.9896
-72,6,6,0.506
-72,8,3,0.9128
-72,12,3,0.9675
-72,42,9,0.8724
-72,44,9,0.9994
-72,46,9,0.9982
-72,48,5,0.9111
-72,50,5,0.9881
-72,52,5,0.861
-72,56,4,0.9807
-72,58,4,0.995
-72,60,4,0.9998
-72,66,4,1
-72,68,4,1
-72,70,4,1
-72,78,4,1
-72,80,4,1
-70,-54,7,1
-70,-52,7,1
-70,-50,7,1
-70,-48,7,1
-70,-46,7,0.9974
-70,-44,7,0.9952
-70,-42,7,0.9901
-70,-40,8,0.5944
-70,-38,8,0.998
-70,-36,8,0.9221
-70,-34,7,0.7054
-70,-32,7,0.8527
-70,-30,7,1
-70,-28,8,0.9999
-70,-26,8,0.9909
-70,-24,8,0.8434
-70,-22,6,0.9646
-70,-20,6,0.9798
-70,-18,8,0.9951
-70,-16,8,0.9997
-70,-14,6,0.6798
-70,-10,3,0.9868
-70,-8,3,0.987
-70,-6,3,0.9909
-70,-4,3,0.991
-70,-2,3,0.9876
-70,0,3,0.9765
-70,2,3,0.9742
-70,4,3,0.9726
-70,6,3,0.9802
-70,8,3,0.99
-70,10,3,0.9719
-70,12,3,0.8462
-70,44,9,0.9987
-70,46,9,0.9517
-70,48,5,0.5802
-70,50,5,0.9886
-70,52,5,0.9361
-70,54,4,0.9125
-70,58,4,0.9864
-70,64,4,1
-70,66,4,1
-70,68,4,1
-70,70,4,1
-70,78,4,1
-70,82,4,1
-68,-54,7,1
-68,-50,7,0.9993
-68,-48,7,0.9998
-68,-46,7,0.9938
-68,-44,7,0.9483
-68,-42,7,0.9945
-68,-40,8,0.8438
-68,-38,8,0.9999
-68,-36,8,0.9999
-68,-34,8,0.9977
-68,-32,8,0.973
-68,-30,8,0.863
-68,-28,7,0.9859
-68,-24,8,0.9941
-68,-22,8,0.9814
-68,-20,8,0.9789
-68,-18,8,0.9999
-68,-16,6,0.9987
-68,-14,6,0.8558
-68,-12,3,0.9848
-68,-10,3,0.9895
-68,-8,3,0.9902
-68,-6,3,0.9911
-68,-4,3,0.9916
-68,-2,3,0.9901
-68,0,3,0.9855
-68,2,3,0.9693
-68,4,3,0.9665
-68,6,3,0.9862
-68,10,3,0.9905
-68,46,9,0.9936
-68,48,5,0.7215
-68,50,5,0.9868
-68,52,5,0.9281
-68,54,4,0.938
-68,56,4,0.9283
-68,58,4,0.9785
-68,64,4,1
-68,66,4,1
-68,68,4,1
-68,70,4,1
-68,78,4,1
-68,82,4,1
-66,-48,7,0.994
-66,-44,7,0.7416
-66,-42,7,0.5316
-66,-40,8,0.9986
-66,-38,8,0.9999
-66,-36,8,0.9995
-66,-34,8,0.9974
-66,-32,8,0.9759
-66,-30,6,0.6475
-66,-28,6,0.6326
-66,-26,8,0.998
-66,-24,8,0.9998
-66,-22,8,0.9994
-66,-20,8,0.9999
-66,-18,8,0.7681
-66,-16,3,0.5935
-66,-14,3,0.9461
-66,-12,3,0.9855
-66,-10,3,0.9927
-66,-8,3,0.9945
-66,-6,3,0.9933
-66,-4,3,0.9922
-66,-2,3,0.9917
-66,0,3,0.985
-66,2,3,0.987
-66,4,3,0.7544
-66,6,6,0.9382
-66,8,3,0.9884
-66,10,3,0.9947
-66,18,3,0.8925
-66,44,9,0.999
-66,52,5,0.8853
-66,54,4,0.9027
-66,56,4,0.9747
-66,58,4,0.9951
-66,64,4,1
-66,68,4,1
-66,78,4,1
-66,82,4,1
-64,-40,8,0.9999
-64,-38,8,0.9999
-64,-36,8,0.9984
-64,-34,8,0.9832
-64,-32,8,0.9634
-64,-30,8,0.7791
-64,-28,6,0.9005
-64,-26,6,0.9727
-64,-24,6,0.9998
-64,-22,6,0.9998
-64,-20,6,0.9999
-64,-18,6,0.9994
-64,-16,3,0.8642
-64,-14,3,0.9296
-64,-12,3,0.9853
-64,-10,3,0.9932
-64,-8,3,0.9957
-64,-6,3,0.9944
-64,-4,3,0.9934
-64,-2,3,0.9927
-64,0,3,0.9916
-64,2,3,0.8974
-64,4,3,0.7819
-64,6,3,0.9507
-64,8,3,0.9728
-64,10,3,0.9487
-64,52,5,0.8875
-64,56,4,0.9934
-64,58,4,0.9992
-64,66,4,1
-64,80,4,1
-64,82,4,1
-62,-38,8,0.9999
-62,-36,8,0.9992
-62,-34,8,0.9879
-62,-32,8,0.9325
-62,-30,8,0.6049
-62,-28,6,0.7617
-62,-26,6,0.996
-62,-24,6,0.9997
-62,-22,6,0.9949
-62,-20,6,0.9958
-62,-18,6,0.9597
-62,-16,3,0.7121
-62,-14,3,0.9436
-62,-12,3,0.9823
-62,-10,3,0.9912
-62,-8,3,0.9937
-62,-6,3,0.994
-62,-4,3,0.9949
-62,-2,3,0.9942
-62,0,3,0.9926
-62,2,3,0.9826
-62,4,3,0.9703
-62,6,3,0.8846
-62,8,3,0.9901
-62,52,5,0.9667
-62,54,4,0.6914
-62,56,4,0.9089
-62,80,4,1
-60,-52,7,0.9998
-60,-38,8,0.9999
-60,-36,8,0.999
-60,-34,8,0.9793
-60,-32,8,0.9172
-60,-30,6,0.5027
-60,-28,6,0.9301
-60,-26,6,0.9913
-60,-24,6,0.9994
-60,-22,6,0.9937
-60,-20,6,0.9558
-60,-18,6,0.8418
-60,-16,3,0.8154
-60,-14,3,0.9218
-60,-12,3,0.9693
-60,-10,3,0.9885
-60,-8,3,0.9917
-60,-6,3,0.9934
-60,-4,3,0.9966
-60,-2,3,0.9953
-60,0,3,0.9902
-60,2,3,0.9802
-60,4,3,0.9835
-60,6,3,0.9649
-60,8,3,0.9887
-60,46,9,0.9944
-60,52,5,0.9782
-60,54,5,0.8201
-60,76,4,1
-60,80,4,1
-58,-38,8,0.9999
-58,-36,8,0.9988
-58,-34,8,0.9858
-58,-32,8,0.9305
-58,-30,8,0.5769
-58,-28,6,0.9142
-58,-26,6,0.9935
-58,-24,6,0.9997
-58,-22,6,0.9618
-58,-20,6,0.6451
-58,-18,3,0.7987
-58,-16,3,0.9606
-58,-14,3,0.801
-58,-12,3,0.9772
-58,-10,3,0.9881
-58,-8,3,0.9938
-58,-6,3,0.9958
-58,-4,3,0.9955
-58,-2,3,0.9949
-58,0,3,0.9884
-58,2,3,0.9808
-58,4,3,0.988
-58,6,3,0.9938
-58,48,5,0.7195
-58,52,5,0.9631
-58,54,5,0.6936
-58,76,4,1
-58,80,4,1
-58,82,4,1
-56,-34,8,0.9897
-56,-32,8,0.9813
-56,-30,8,0.7569
-56,-28,6,0.9878
-56,-26,6,0.9993
-56,-24,6,0.9762
-56,-22,6,0.9819
-56,-20,6,0.5179
-56,-18,3,0.8785
-56,-16,3,0.9401
-56,-14,3,0.9271
-56,-12,3,0.973
-56,-10,3,0.9908
-56,-8,3,0.98
-56,-6,3,0.9938
-56,-4,3,0.995
-56,0,3,0.9897
-56,2,3,0.9787
-56,4,3,0.9886
-56,48,5,0.6054
-56,52,5,0.8851
-56,76,4,1
-56,80,4,1
-56,82,4,1
-54,-34,8,0.9925
-54,-32,8,0.9561
-54,-30,6,0.617
-54,-28,6,0.9817
-54,-26,6,0.9998
-54,-24,6,0.9984
-54,-22,6,0.947
-54,-20,6,0.9429
-54,-18,3,0.5853
-54,-16,3,0.7211
-54,-14,3,0.7553
-54,-12,3,0.9814
-54,-10,3,0.974
-54,-8,3,0.9773
-54,-6,3,0.9904
-54,-4,3,0.9932
-54,-2,3,0.9935
-54,0,3,0.9864
-54,2,3,0.9892
-54,4,3,0.9937
-54,48,9,0.7933
-54,70,4,0.9999
-54,72,4,1
-54,74,4,1
-52,-32,8,0.9351
-52,-30,6,0.8743
-52,-28,6,0.8781
-52,-26,6,0.9942
-52,-24,6,0.9998
-52,-22,6,0.9722
-52,-20,6,0.7409
-52,-18,6,0.8683
-52,-16,3,0.9089
-52,-14,3,0.9339
-52,-12,3,0.9732
-52,-10,3,0.9752
-52,-8,3,0.9782
-52,-6,3,0.9822
-52,-4,3,0.992
-52,-2,3,0.9947
-52,0,3,0.9922
-52,2,3,0.9894
-52,4,3,0.9928
-52,68,4,0.9977
-50,-28,6,0.8997
-50,-26,6,0.9973
-50,-24,6,0.9999
-50,-22,6,0.9952
-50,-18,6,0.7455
-50,-16,3,0.6297
-50,-14,3,0.939
-50,-12,3,0.9755
-50,-10,3,0.983
-50,-8,3,0.9752
-50,-6,3,0.9771
-50,-4,3,0.9949
-50,-2,3,0.9971
-50,0,3,0.9672
-50,64,4,0.9984
-50,66,4,1
-50,68,4,1
-50,70,4,1
-50,72,4,1
-48,-24,6,0.9997
-48,-22,6,0.997
-48,-20,6,0.9831
-48,-18,6,0.9633
-48,-16,6,0.9888
-48,-14,6,0.6959
-48,-12,3,0.8979
-48,-10,3,0.9724
-48,-8,3,0.9831
-48,-6,3,0.9916
-48,-4,3,0.9966
-48,-2,3,0.9966
-48,62,4,1
-48,64,4,1
-48,66,4,1
-48,68,4,1
-48,70,4,1
-46,-22,6,0.9998
-46,-20,6,0.9988
-46,-18,6,0.9442
-46,-16,6,0.9082
-46,-14,6,0.9763
-46,-12,6,0.9007
-46,-10,3,0.5628
-46,-8,3,0.8972
-46,-6,3,0.9639
-46,-4,3,0.9961
-46,-2,3,0.9888
-46,68,4,1
-44,-22,6,0.9997
-44,-20,6,0.9991
-44,-18,6,0.9694
-44,-16,6,0.9464
-44,-14,6,0.8431
-44,-12,6,0.5156
-44,-10,3,0.5207
-44,-8,3,0.8013
-44,-6,3,0.9762
-44,-4,3,0.9953
-44,62,4,1
-42,-22,6,0.9673
-42,-20,6,0.991
-42,-18,6,0.9713
-42,-16,6,0.995
-42,-14,6,0.99
-42,-12,6,0.9945
-42,-10,6,0.9191
-42,-8,6,0.6857
-42,-6,3,0.9505
-42,-4,3,0.9873
-42,64,4,1
-40,-18,6,0.7858
-40,-16,6,0.8127
-40,-14,6,0.8098
-40,-12,6,0.8052
-40,-10,6,0.9805
-40,-8,6,0.978
-40,-6,6,0.8287
-40,-4,3,0.7303
-40,66,4,1
-40,82,4,1
-38,-12,3,0.7311
-38,-10,6,0.9298
-38,-8,6,0.9583
-38,-6,3,0.6593
-38,66,4,1
-38,82,4,1
-36,-8,6,0.885
-36,-6,6,0.7966
-36,66,4,0.9999
-36,82,4,1
-34,68,4,1
-28,80,4,1
-26,70,4,1
-26,74,4,1
-26,78,4,1
-26,80,4,1
-24,70,4,1
-24,72,4,1
-24,74,4,1
-24,78,4,1
-22,64,4,0.797
-22,66,4,0.9272
-22,78,4,1
-20,64,5,0.8049
-20,66,4,0.67
-18,64,5,0.8388
-18,66,4,0.7191
-18,80,4,1
-16,12,3,0.9953
-16,14,3,0.9911
-16,16,3,0.9001
-16,18,2,0.9048
-16,20,2,0.968
-16,22,2,0.9666
-16,66,4,0.8339
-14,10,3,0.9906
-14,12,3,0.9954
-14,14,3,0.9897
-14,16,2,0.8374
-14,18,2,0.9375
-14,20,2,0.9975
-14,22,2,0.9977
-14,24,2,0.9736
-14,26,2,0.5546
-12,8,3,0.994
-12,10,3,0.9922
-12,12,3,0.9906
-12,14,3,0.9948
-12,16,3,0.8756
-12,18,2,0.8767
-12,20,2,0.999
-12,22,2,0.9996
-12,24,2,0.9976
-12,26,2,0.9113
-12,28,2,0.9046
-10,6,3,0.987
-10,8,3,0.972
-10,10,3,0.9912
-10,12,3,0.9939
-10,14,3,0.9915
-10,16,3,0.8508
-10,18,2,0.9622
-10,20,2,0.9992
-10,22,2,0.9997
-10,24,2,0.9995
-10,26,2,0.9611
-10,28,2,0.9112
-10,52,1,0.9648
-10,54,1,0.7758
-8,6,3,0.9845
-8,8,3,0.9831
-8,10,3,0.9933
-8,12,3,0.9938
-8,14,3,0.9887
-8,16,3,0.7436
-8,18,2,0.972
-8,20,2,0.9994
-8,22,2,0.9998
-8,24,2,0.9997
-8,26,2,0.9968
-8,28,2,0.9935
-8,30,2,0.9788
-8,32,2,0.9989
-8,38,1,0.5555
-8,40,1,0.9478
-8,42,1,0.9986
-8,52,1,0.9468
-8,54,9,0.8158
-6,6,3,0.9923
-6,8,3,0.996
-6,10,3,0.9961
-6,12,3,0.9945
-6,14,3,0.9847
-6,16,2,0.6638
-6,18,2,0.9874
-6,20,2,0.9976
-6,22,2,0.9998
-6,24,2,0.9999
-6,26,2,0.9983
-6,28,2,0.9983
-6,30,2,0.9964
-6,32,1,0.6362
-6,34,2,0.9963
-6,38,1,0.5356
-6,40,1,0.9215
-6,42,1,0.999
-4,6,3,0.9969
-4,8,3,0.9968
-4,10,3,0.9969
-4,12,3,0.9949
-4,14,3,0.9634
-4,16,3,0.5467
-4,18,2,0.9756
-4,20,2,0.9969
-4,22,2,0.9996
-4,24,2,0.9998
-4,26,2,0.9975
-4,28,2,0.9958
-4,30,2,0.9885
-4,32,1,0.7403
-4,34,2,0.9183
-4,38,1,0.7796
-4,40,1,0.969
-4,42,1,0.9928
-4,48,1,0.9763
-4,52,9,0.5989
-4,56,9,0.9967
-4,58,9,0.9912
-2,6,3,0.9971
-2,8,3,0.9973
-2,10,3,0.9973
-2,12,3,0.9959
-2,14,3,0.9447
-2,16,2,0.5294
-2,18,2,0.8773
-2,20,2,0.9965
-2,22,2,0.9996
-2,24,2,0.9998
-2,26,2,0.9981
-2,28,2,0.9973
-2,30,2,0.9911
-2,32,1,0.7186
-2,34,2,0.7221
-2,38,1,0.9378
-2,40,1,0.9976
-2,42,1,0.9986
-2,48,1,0.9488
-2,52,9,0.6572
-2,54,9,0.9607
0,6,3,0.9975
0,8,3,0.9982
0,10,3,0.9967
0,12,3,0.9947
0,14,3,0.8594
0,16,3,0.9139
0,18,2,0.9429
0,20,2,0.9969
0,22,2,0.9996
0,24,2,0.9998
0,26,2,0.9995
0,28,2,0.9981
0,30,2,0.9635
0,32,1,0.5325
0,34,1,0.9702
0,40,1,0.8597
0,42,1,0.9984
0,44,1,0.9974
0,46,1,0.9963
0,48,1,0.8285
0,52,9,0.627
2,8,3,0.9972
2,10,3,0.996
2,12,3,0.9941
2,14,3,0.9462
2,16,3,0.8088
2,18,2,0.9649
2,20,2,0.9997
2,22,2,0.9995
2,24,2,0.9999
2,26,2,0.9998
2,28,2,0.9868
2,30,2,0.942
2,32,2,0.6775
2,34,1,0.8396
2,36,2,0.7139
2,42,1,0.9873
2,44,1,0.9874
2,46,1,0.7787
2,48,1,0.8273
2,50,9,0.5875
4,8,3,0.9953
4,10,3,0.9966
4,12,3,0.9966
4,14,3,0.8856
4,16,2,0.5885
4,18,2,0.9725
4,20,2,0.9997
4,22,2,0.9998
4,24,2,0.9999
4,26,2,0.9992
4,28,2,0.9796
4,30,2,0.9845
4,32,2,0.8819
4,34,1,0.5614
4,36,2,0.7223
4,40,1,0.8061
4,44,1,0.768
4,46,1,0.5559
4,48,1,0.6681
4,50,9,0.7635
6,6,3,0.9941
6,8,3,0.9969
6,10,3,0.9967
6,12,3,0.9803
6,14,3,0.5024
6,16,2,0.9552
6,18,2,0.9647
6,20,2,0.9996
6,22,2,0.9998
6,24,2,0.9646
6,26,2,0.9982
6,28,2,0.9944
6,30,2,0.99
6,32,2,0.9846
6,36,1,0.7832
6,44,1,0.7086
6,46,9,0.8498
6,48,9,0.7277
6,50,9,0.9806
6,52,9,0.9068
6,60,5,0.9721
6,62,5,0.8909
8,6,3,0.9861
8,8,3,0.9923
8,10,3,0.9437
8,12,3,0.9325
8,14,2,0.8855
8,16,2,0.9853
8,18,2,0.9993
8,20,2,0.9998
8,22,2,0.9994
8,24,2,0.9948
8,26,2,0.9983
8,28,2,0.9941
8,30,2,0.9841
8,32,2,0.9725
8,34,2,0.9895
8,36,1,0.6072
8,44,1,0.9963
8,46,9,0.998
8,48,9,0.9076
8,50,9,0.9715
8,52,9,0.9858
8,60,5,0.7546
8,62,4,0.5604
10,-2,3,0.9925
10,0,3,0.9849
10,2,3,0.9917
10,4,3,0.992
10,6,6,0.5437
10,8,3,0.9908
10,10,3,0.9702
10,12,3,0.9852
10,14,2,0.9898
10,16,2,0.9973
10,18,2,0.9998
10,20,2,0.9998
10,22,2,0.9998
10,24,2,0.9967
10,26,2,0.9984
10,28,2,0.9789
10,30,2,0.9777
10,32,2,0.9323
10,34,2,0.9779
10,36,2,0.8953
10,46,9,0.98
10,48,9,0.9903
10,50,9,0.9862
10,52,9,0.994
10,54,9,0.9958
10,56,9,0.9992
10,60,5,0.9869
10,62,4,0.6507
12,-18,6,1
12,-16,6,0.9642
12,-4,3,0.9789
12,-2,3,0.7623
12,0,3,0.9607
12,2,3,0.9127
12,4,3,0.8987
12,6,3,0.8757
12,8,3,0.9791
12,10,3,0.9888
12,12,3,0.9501
12,14,2,0.9917
12,16,2,0.9912
12,18,2,0.9998
12,20,2,0.9998
12,22,2,0.9992
12,24,2,0.9861
12,26,2,0.9914
12,28,2,0.9835
12,30,2,0.524
12,32,2,0.9687
12,42,1,0.9249
12,44,1,0.994
12,46,1,0.6479
12,48,9,0.9938
12,50,9,0.9989
12,52,9,0.9931
12,54,9,0.9978
12,56,9,0.9994
12,58,9,0.9837
12,60,5,0.9462
12,62,5,0.61
12,64,5,0.9242
14,-20,6,0.9998
14,-18,6,0.9979
14,-16,6,0.9999
14,-14,6,0.9996
14,-12,3,0.5967
14,-10,3,0.9885
14,-8,3,0.9637
14,-6,3,0.9465
14,-4,3,0.9467
14,-2,3,0.9087
14,0,3,0.9264
14,2,3,0.9555
14,4,3,0.9309
14,6,3,0.8212
14,8,3,0.9901
14,10,3,0.9903
14,12,3,0.9823
14,14,2,0.9895
14,16,2,0.9976
14,18,2,0.9976
14,20,2,0.9992
14,22,2,0.9994
14,24,2,0.9903
14,26,2,0.9963
14,28,2,0.9811
14,30,2,0.9363
14,32,2,0.9871
14,38,1,0.7539
14,42,1,0.982
14,46,9,0.688
14,48,9,0.9983
14,50,9,0.9984
14,52,9,0.9964
14,56,9,0.9951
14,58,5,0.5683
14,60,5,0.9633
14,62,5,0.9206
14,64,5,0.8877
14,66,5,0.5419
14,78,4,1
16,-28,8,0.5711
16,-26,6,0.7646
16,-24,6,0.7596
16,-22,6,0.8312
16,-20,6,0.9503
16,-18,6,0.9995
16,-16,6,0.9999
16,-14,6,0.9999
16,-12,6,0.9997
16,-10,6,0.7571
16,-8,6,0.5279
16,-6,3,0.8732
16,-4,3,0.9641
16,-2,3,0.9586
16,0,3,0.978
16,2,3,0.9794
16,4,3,0.9631
16,6,3,0.9109
16,8,3,0.9924
16,10,3,0.9902
16,12,3,0.9793
16,14,2,0.9858
16,16,2,0.9956
16,18,2,0.9966
16,20,2,0.9983
16,22,2,0.9928
16,24,2,0.9861
16,26,2,0.9939
16,28,2,0.9408
16,30,2,0.9852
16,38,2,0.8953
16,40,1,0.9228
16,44,1,0.864
16,46,9,0.6687
16,48,9,0.9949
16,50,9,0.999
16,52,9,0.9979
16,54,9,0.9992
16,60,5,0.8872
16,64,5,0.9424
16,66,4,0.8902
16,68,4,0.6121
16,78,4,1
18,-30,8,0.8997
18,-28,8,0.9012
18,-26,8,0.7601
18,-24,8,0.6849
18,-22,6,0.562
18,-20,6,0.9615
18,-18,6,0.9993
18,-16,6,0.9999
18,-14,6,0.9998
18,-12,6,0.9973
18,-10,6,0.7946
18,-8,3,0.6341
18,-6,3,0.8548
18,-4,3,0.9883
18,-2,3,0.9849
18,0,3,0.9814
18,2,3,0.9861
18,4,3,0.9866
18,6,3,0.9845
18,8,3,0.9942
18,10,3,0.9922
18,12,3,0.9777
18,14,2,0.8995
18,16,2,0.996
18,18,2,0.9998
18,20,2,0.9996
18,22,2,0.9896
18,24,2,0.9985
18,26,2,0.9899
18,28,2,0.9585
18,30,2,0.9797
18,44,1,0.6184
18,46,1,0.7352
18,48,9,0.9805
18,50,9,0.9989
18,52,9,0.9988
18,54,9,0.9992
18,60,5,0.8623
18,64,5,0.971
18,66,4,0.8
18,68,4,0.9823
18,78,4,1
20,-34,8,0.987
20,-32,8,0.9992
20,-30,8,0.9979
20,-28,8,0.8501
20,-26,8,0.9248
20,-24,8,0.7372
20,-22,6,0.9188
20,-20,6,0.9937
20,-18,6,0.9996
20,-16,6,0.9999
20,-14,6,0.9995
20,-12,6,0.9981
20,-10,6,0.9393
20,-8,6,0.6144
20,-6,3,0.9548
20,-4,3,0.988
20,-2,3,0.9836
20,0,3,0.984
20,2,3,0.9872
20,4,3,0.9864
20,6,3,0.9879
20,8,3,0.9902
20,10,3,0.9899
20,12,3,0.9803
20,14,2,0.4912
20,16,2,0.9821
20,18,2,0.9999
20,20,2,0.9972
20,22,2,0.9959
20,24,2,0.9864
20,26,2,0.9965
20,28,2,0.991
20,30,2,0.9909
20,32,2,0.9405
20,40,1,0.9672
20,42,1,0.9718
20,44,1,0.8494
20,46,1,0.7161
20,48,9,0.9778
20,50,9,0.9988
20,52,9,0.9993
20,54,9,0.9982
20,64,5,0.9875
20,66,5,0.8371
20,68,4,0.973
20,80,4,1
22,-34,8,0.9664
22,-32,8,0.9997
22,-30,8,0.9924
22,-28,8,0.9782
22,-26,8,0.7809
22,-24,8,0.5571
22,-22,6,0.9596
22,-20,6,0.9979
22,-18,6,0.9997
22,-16,6,0.9999
22,-14,6,0.9992
22,-12,6,0.9971
22,-10,6,0.8981
22,-8,3,0.55
22,-6,3,0.9606
22,-4,3,0.9863
22,-2,3,0.9848
22,0,3,0.985
22,2,3,0.9866
22,4,3,0.9833
22,6,3,0.984
22,8,3,0.9709
22,10,3,0.9822
22,12,3,0.9683
22,14,2,0.9801
22,16,2,0.9994
22,18,2,0.9998
22,20,2,0.997
22,22,2,0.9925
22,24,2,0.9971
22,26,2,0.9969
22,28,2,0.9968
22,30,2,0.9874
22,32,2,0.9742
22,38,1,0.7258
22,40,1,0.9932
22,42,1,0.9705
22,44,1,0.6904
22,46,9,0.543
22,48,9,0.9568
22,50,9,0.9987
22,52,9,0.9993
22,54,9,0.9961
22,56,9,0.9328
22,62,5,0.9883
22,66,5,0.9204
22,68,4,0.8979
22,78,4,1
22,80,4,1
24,-34,8,0.9697
24,-32,8,0.9993
24,-30,8,0.9934
24,-28,8,0.9791
24,-26,8,0.8103
24,-24,6,0.748
24,-22,6,0.9912
24,-20,6,0.999
24,-18,6,0.9998
24,-16,6,0.9999
24,-14,6,0.9994
24,-12,6,0.9986
24,-10,6,0.9043
24,-8,6,0.7803
24,-6,3,0.9299
24,-4,3,0.9706
24,-2,3,0.9738
24,0,3,0.9769
24,2,3,0.9845
24,4,3,0.9796
24,6,3,0.9832
24,8,3,0.9093
24,10,3,0.9282
24,12,2,0.5799
24,14,2,0.9982
24,16,2,0.9996
24,18,2,0.9977
24,20,2,0.9928
24,22,2,0.997
24,24,2,0.9978
24,26,2,0.9913
24,28,2,0.9907
24,30,2,0.9735
24,32,2,0.749
24,38,1,0.9682
24,40,1,0.9357
24,42,1,0.567
24,44,1,0.8359
24,46,9,0.9734
24,48,9,0.9992
24,50,9,0.9993
24,52,9,0.9994
24,54,9,0.95
24,56,9,0.8119
24,62,5,0.9896
24,64,5,0.9903
24,66,5,0.9211
24,68,4,0.8093
24,70,4,0.9832
24,80,4,1
26,-32,8,0.9927
26,-30,8,0.9978
26,-28,8,0.9426
26,-26,8,0.8395
26,-24,6,0.9809
26,-22,6,0.9688
26,-20,6,0.9993
26,-18,6,0.9999
26,-16,6,0.9998
26,-14,6,0.9999
26,-12,6,0.9998
26,-10,6,0.9845
26,-8,3,0.5108
26,-6,3,0.8847
26,-4,3,0.9564
26,-2,3,0.9305
26,0,3,0.9276
26,2,3,0.9614
26,4,3,0.973
26,6,3,0.9785
26,8,3,0.9781
26,10,3,0.9653
26,12,3,0.7819
26,14,2,0.9995
26,16,2,0.9998
26,18,2,0.9996
26,20,2,0.9914
26,22,2,0.9886
26,24,2,0.9212
26,26,2,0.9949
26,28,2,0.9929
26,30,2,0.9582
26,42,1,0.9934
26,44,1,0.8114
26,46,9,0.9909
26,48,9,0.9982
26,50,9,0.9995
26,52,9,0.9989
26,54,9,0.7856
26,56,9,0.5248
26,58,5,0.8635
26,62,5,0.9897
26,64,5,0.9853
26,66,5,0.9092
26,68,4,0.7765
26,70,4,0.9822
26,80,4,1
28,-32,8,0.8556
28,-30,8,0.9997
28,-28,8,0.9865
28,-26,8,0.9142
28,-24,6,0.9896
28,-22,6,0.9921
28,-20,6,0.991
28,-18,6,0.9997
28,-16,6,0.9999
28,-14,6,0.9999
28,-12,6,0.9997
28,-10,6,0.9956
28,-8,6,0.9313
28,-6,3,0.839
28,-4,3,0.6496
28,-2,3,0.6448
28,0,3,0.7438
28,2,3,0.899
28,4,3,0.9554
28,6,3,0.9833
28,8,3,0.9908
28,10,3,0.9834
28,12,3,0.8338
28,14,2,0.9994
28,16,2,0.9999
28,18,2,0.9995
28,20,2,0.9954
28,22,2,0.9949
28,24,2,0.9779
28,26,2,0.996
28,28,2,0.9865
28,30,2,0.9964
28,38,1,0.766
28,40,1,0.9944
28,42,1,0.9965
28,44,1,0.5294
28,46,9,0.9072
28,48,9,0.9948
28,50,9,0.9995
28,52,9,0.9987
28,54,9,0.5933
28,56,5,0.6661
28,64,5,0.9838
28,66,5,0.7978
28,68,4,0.7853
30,-30,6,0.5671
30,-28,8,0.9376
30,-26,8,0.9519
30,-24,6,0.9971
30,-22,6,0.9998
30,-20,6,0.9957
30,-18,6,0.9998
30,-16,6,0.9977
30,-14,6,0.9995
30,-12,6,0.9999
30,-10,6,0.9995
30,-8,6,0.9884
30,-6,6,0.8135
30,-4,6,0.9629
30,-2,6,0.998
30,0,6,0.8133
30,2,6,0.5627
30,4,3,0.8631
30,6,3,0.9907
30,8,3,0.993
30,10,3,0.9887
30,12,3,0.8055
30,14,2,0.9816
30,16,2,0.9985
30,18,2,0.9998
30,20,2,0.9997
30,22,2,0.999
30,24,2,0.9986
30,26,2,0.9784
30,28,2,0.9874
30,30,2,0.9976
30,38,1,0.9984
30,40,1,0.9971
30,46,9,0.7502
30,48,9,0.9948
30,50,9,0.9994
30,52,9,0.9976
30,54,9,0.5624
30,58,5,0.8843
30,62,5,0.9902
30,64,5,0.9688
30,66,5,0.7528
30,68,4,0.7757
32,-28,6,0.9996
32,-26,6,0.9999
32,-24,6,0.9996
32,-22,6,0.9992
32,-20,6,0.9999
32,-18,6,0.9998
32,-16,6,0.9981
32,-14,6,0.9998
32,-12,6,0.9987
32,-10,6,1
32,-6,6,0.9956
32,-4,6,0.9893
32,0,6,0.8682
32,2,3,0.7616
32,4,3,0.874
32,6,3,0.9884
32,8,3,0.9912
32,10,3,0.9826
32,12,3,0.9364
32,14,3,0.5849
32,16,2,0.8996
32,18,2,0.9905
32,20,2,0.9998
32,22,2,0.9998
32,24,2,0.9997
32,26,2,0.9982
32,28,2,0.8672
32,30,2,0.9998
32,38,1,0.997
32,40,1,0.9913
32,48,9,0.9967
32,50,9,0.9994
32,52,9,0.991
32,54,5,0.6359
32,56,5,0.9082
32,58,5,0.941
32,60,5,0.9638
32,62,5,0.99
32,64,5,0.9738
32,66,5,0.9045
32,68,4,0.8406
34,-24,6,0.9983
34,-22,6,0.9924
34,-20,6,0.9645
34,-18,6,0.9977
34,-16,6,0.9936
34,-14,6,0.9999
34,-12,6,0.9996
34,-8,6,0.9998
34,-6,6,1
34,-4,6,0.9972
34,-2,6,0.8658
34,2,6,0.5907
34,4,6,0.6527
34,6,3,0.9767
34,8,3,0.9877
34,10,3,0.9463
34,12,3,0.8977
34,14,3,0.9317
34,16,3,0.6067
34,18,2,0.8006
34,20,2,0.9897
34,22,2,0.9976
34,24,2,0.9996
34,26,2,0.9997
34,28,2,0.9876
34,30,2,0.9744
34,38,1,0.9976
34,40,1,0.9908
34,46,9,0.631
34,48,9,0.9961
34,50,9,0.9993
34,52,9,0.9663
34,54,5,0.5845
34,56,5,0.93
34,58,5,0.9701
34,60,5,0.9802
34,62,5,0.988
34,64,5,0.983
34,66,5,0.8478
34,68,4,0.9083
36,-18,6,0.5828
36,-16,6,0.987
36,-14,6,0.9912
36,-12,6,0.9803
36,-10,6,0.9684
36,-8,6,0.9947
36,-6,6,0.9986
36,-4,6,0.9979
36,-2,6,0.9705
36,0,6,0.9996
36,2,3,0.9395
36,6,3,0.5131
36,8,6,0.9998
36,10,6,0.9181
36,12,3,0.9087
36,14,3,0.9473
36,16,3,0.9618
36,18,3,0.6308
36,20,2,0.7188
36,22,3,0.6178
36,28,2,0.9997
36,30,2,0.5858
36,32,2,0.9896
36,34,2,0.7982
36,36,2,0.97
36,38,1,0.9211
36,40,1,0.7829
36,48,9,0.9972
36,50,9,0.9978
36,52,9,0.8494
36,54,5,0.7511
36,56,5,0.8905
36,58,5,0.9681
36,60,5,0.9894
36,62,5,0.961
36,64,5,0.9794
36,68,4,0.9769
38,-16,6,0.9032
38,-14,6,0.9697
38,-12,6,0.8131
38,-10,6,0.671
38,-8,3,0.858
38,-6,3,0.7519
38,-4,6,0.9427
38,-2,6,0.9399
38,0,6,0.9474
38,2,6,0.9686
38,4,6,0.9994
38,6,6,0.9996
38,8,6,1
38,10,6,0.9996
38,12,6,0.9971
38,14,6,0.7298
38,16,3,0.5817
38,18,3,0.9958
38,26,2,0.9998
38,28,2,0.9783
38,30,2,0.9504
38,32,1,0.6654
38,34,1,0.618
38,36,1,0.7303
38,38,1,0.9976
38,40,9,0.9146
38,46,9,0.7634
38,48,9,0.9981
38,50,9,0.997
38,52,9,0.8679
38,54,5,0.7486
38,56,5,0.9066
38,58,5,0.9748
38,60,5,0.9908
38,62,5,0.9854
38,68,4,0.9972
40,-16,6,0.6284
40,-14,6,0.7818
40,-12,6,0.5772
40,-2,3,0.5776
40,0,6,0.8848
40,2,6,0.8694
40,4,6,0.9978
40,6,6,0.9929
40,8,6,0.9956
40,10,6,0.9149
40,12,6,0.6235
40,14,3,0.8427
40,22,3,0.9032
40,24,2,0.996
40,26,2,0.9869
40,28,2,0.9843
40,30,2,0.9426
40,32,1,0.8084
40,34,1,0.6682
40,36,2,0.5249
40,38,1,0.9814
40,40,9,0.9922
40,44,1,0.9148
40,46,9,0.8901
40,48,9,0.9985
40,50,9,0.9972
40,52,9,0.8882
40,54,5,0.6445
40,56,5,0.9276
40,58,5,0.9776
40,60,5,0.991
40,62,5,0.9846
40,64,5,0.9748
42,0,3,0.8164
42,2,6,0.6007
42,4,6,0.6623
42,6,6,0.9406
42,8,6,0.9537
42,10,6,0.9265
42,12,3,0.9946
42,18,3,0.9967
42,20,2,0.97
42,22,2,0.9973
42,24,2,0.9999
42,26,2,0.9991
42,28,2,0.9945
42,30,2,0.9926
42,32,2,0.9654
42,34,2,0.8992
42,36,2,0.9706
42,38,1,0.9929
42,40,9,0.9991
42,42,1,0.9772
42,44,9,0.9869
42,46,9,0.9618
42,48,9,0.9986
42,50,9,0.9947
42,52,9,0.8491
42,54,5,0.6988
42,56,5,0.91
42,58,5,0.9832
42,60,5,0.9912
42,62,5,0.9859
42,64,5,0.9592
42,66,5,0.5872
44,-24,6,0.9977
44,-22,6,0.9374
44,2,3,0.6932
44,4,6,0.9348
44,6,6,0.8339
44,8,6,0.999
44,10,6,0.8824
44,14,6,0.5248
44,16,6,0.8863
44,18,2,0.9194
44,20,2,0.9965
44,22,2,0.9997
44,24,2,0.9998
44,26,2,0.9998
44,28,2,0.999
44,30,2,0.997
44,32,2,0.9994
44,34,2,0.9991
44,36,2,0.8197
44,38,9,0.9857
44,40,9,0.8223
44,42,9,0.9979
44,44,9,0.5153
44,48,9,0.9994
44,50,9,0.9453
44,52,9,0.613
44,54,5,0.8355
44,56,5,0.9197
44,58,5,0.9828
44,60,5,0.9909
44,62,5,0.9863
44,64,5,0.9247
44,66,5,0.5121
46,-24,6,0.9998
46,-22,6,0.9989
46,-20,6,0.7026
46,-18,6,0.8222
46,-16,3,0.7546
46,4,6,0.5913
46,6,6,0.8662
46,8,6,0.9884
46,10,6,0.8546
46,14,2,0.4159
46,16,3,0.4594
46,18,2,0.9469
46,20,2,0.9888
46,22,2,0.9978
46,24,2,0.9999
46,26,2,0.9996
46,28,2,0.9995
46,30,2,0.9991
46,32,2,0.999
46,34,2,0.9768
46,36,1,0.9909
46,38,1,0.9879
46,40,9,0.9973
46,42,9,0.8944
46,44,1,0.8653
46,46,9,0.9668
46,48,9,0.9993
46,50,9,0.9705
46,52,9,0.6858
46,54,5,0.8152
46,56,5,0.9306
46,58,5,0.9863
46,60,5,0.9911
46,62,5,0.9786
46,64,5,0.8975
46,66,4,0.66
46,68,4,0.9967
48,-22,6,0.9876
48,-20,6,0.9996
48,-18,6,0.9999
48,-16,6,0.9887
48,-14,3,0.9535
48,6,6,0.8491
48,8,6,0.9888
48,10,6,0.9993
48,16,2,0.6236
48,18,2,0.8776
48,20,2,0.9498
48,22,2,0.9732
48,24,2,0.9994
48,26,2,0.9999
48,28,2,0.9999
48,32,2,0.9996
48,34,1,0.9788
48,36,1,0.946
48,38,1,0.9821
48,40,1,0.7641
48,42,9,0.5342
48,46,9,0.9701
48,48,9,0.9994
48,50,9,0.9449
48,52,9,0.8174
48,54,5,0.8674
48,56,5,0.9479
48,58,5,0.98
48,60,5,0.9908
48,62,5,0.97
48,64,5,0.7997
50,-14,6,0.9967
50,10,6,0.9594
50,16,3,0.9282
50,18,2,0.9014
50,20,2,0.8996
50,22,2,0.9482
50,24,2,0.9946
50,32,1,0.966
50,34,1,0.9991
50,36,1,0.9886
50,48,9,0.9992
50,52,9,0.5515
50,54,5,0.8449
50,56,5,0.9651
50,58,5,0.9894
50,60,5,0.99
50,62,5,0.9606
50,64,5,0.6858
50,66,4,0.8812
50,68,4,0.9999
52,16,3,0.9895
52,18,2,0.9565
52,20,2,0.7433
52,22,2,0.8553
52,28,2,0.9978
52,30,1,0.5378
52,32,1,0.9978
52,34,1,0.9505
52,36,1,0.9859
52,44,9,0.9581
52,48,9,0.9992
52,50,9,0.9515
52,52,9,0.6636
52,54,5,0.8614
52,56,5,0.9575
52,58,5,0.9892
52,60,5,0.9901
52,62,5,0.9482
52,64,5,0.6056
52,66,4,0.8924
52,68,4,0.9998
52,72,4,1
54,18,2,0.6956
54,20,3,0.5029
54,22,2,0.6931
54,24,3,0.6538
54,28,2,0.9999
54,30,1,0.9689
54,32,1,0.5358
54,34,2,0.9085
54,36,1,0.9722
54,38,1,0.6404
54,40,1,0.995
54,42,9,0.6781
54,44,9,0.9922
54,46,9,0.9971
54,48,9,0.9981
54,50,9,0.9171
54,52,9,0.5364
54,54,5,0.9289
54,56,5,0.9693
54,58,5,0.9852
54,60,5,0.989
54,62,5,0.9085
54,64,5,0.6408
54,66,4,0.9482
54,72,4,1
56,18,3,0.6762
56,20,3,0.5797
56,22,3,0.7637
56,24,2,0.6572
56,28,2,0.8585
56,30,1,0.9998
56,32,2,0.8084
56,34,2,0.8988
56,36,1,0.9655
56,38,1,0.9908
56,40,1,0.9917
56,42,9,0.8733
56,44,9,0.9966
56,46,9,0.999
56,48,9,0.9691
56,50,9,0.5628
56,52,5,0.6741
56,54,5,0.9355
56,56,5,0.9848
56,58,5,0.99
56,60,5,0.9838
56,62,5,0.8818
56,64,5,0.5054
56,66,4,0.9648
56,68,4,1
56,74,4,1
58,22,3,0.9327
58,26,2,0.686
58,28,2,0.9994
58,30,2,0.8784
58,32,2,0.9875
58,34,1,0.7804
58,36,1,0.9922
58,38,1,0.994
58,40,1,0.9915
58,42,9,0.7677
58,44,9,0.9959
58,46,9,0.9991
58,48,9,0.9421
58,50,5,0.7063
58,52,5,0.8496
58,54,5,0.9852
58,56,5,0.9896
58,58,5,0.9913
58,60,5,0.9467
58,62,5,0.6535
58,64,4,0.8092
58,66,4,0.9912
58,68,4,1
58,74,4,1
60,26,2,0.9367
60,28,2,0.9994
60,30,2,0.9425
60,32,1,0.9996
60,34,1,0.9907
60,36,1,0.9995
60,38,1,0.9568
60,40,1,0.9877
60,42,9,0.6827
60,44,9,0.9987
60,46,9,0.9994
60,48,9,0.9397
60,50,5,0.7563
60,52,5,0.8201
60,54,5,0.9808
60,56,5,0.9898
60,58,5,0.9909
60,60,5,0.9537
60,62,5,0.5741
60,64,4,0.9153
60,66,4,0.9995
60,68,4,1
60,70,4,1
62,26,2,0.9858
62,28,2,0.9903
62,30,2,0.9971
62,32,2,0.8801
62,34,1,1
62,36,1,0.9914
62,38,1,0.9923
62,40,1,0.9909
62,42,9,0.6594
62,44,9,0.9895
62,46,9,0.9982
62,48,9,0.9868
62,50,5,0.7186
62,52,5,0.8456
62,54,5,0.951
62,56,5,0.9851
62,58,5,0.9898
62,60,5,0.9847
62,62,5,0.8253
62,64,4,0.6192
62,66,4,0.9997
62,68,4,1
62,76,4,1
64,26,2,0.9998
64,28,2,0.9999
64,30,2,0.8911
64,32,2,0.6483
64,34,1,0.9932
64,36,1,0.9925
64,38,1,0.9851
64,40,1,0.9982
64,42,9,0.7398
64,44,9,0.9948
64,46,9,0.9991
64,48,9,0.9882
64,50,5,0.5647
64,52,5,0.7886
64,54,5,0.9497
64,56,5,0.9896
64,58,5,0.99
64,60,5,0.9854
64,62,5,0.7457
64,64,4,0.7153
64,66,4,0.9993
64,68,4,1
64,76,4,1
66,26,2,0.8845
66,28,2,0.9581
66,30,2,0.8571
66,32,1,0.8718
66,34,1,0.887
66,36,1,0.9988
66,38,1,0.9438
66,40,1,0.9949
66,42,1,0.7381
66,44,9,0.992
66,46,9,0.9992
66,48,9,0.6968
66,50,5,0.5664
66,52,5,0.8692
66,54,5,0.963
66,56,5,0.9896
66,58,5,0.991
66,60,5,0.9818
66,62,5,0.6603
66,64,4,0.8442
66,66,4,0.9985
66,68,4,1
66,76,4,1
68,24,2,0.573
68,26,2,0.9541
68,28,2,0.9945
68,30,2,0.9985
68,32,1,0.9981
68,34,9,0.9567
68,36,1,0.999
68,38,1,0.9756
68,40,1,0.9653
68,42,1,0.9953
68,44,9,0.9947
68,46,9,0.9994
68,48,9,0.5738
68,50,5,0.8971
68,52,5,0.9581
68,54,5,0.9708
68,56,5,0.9913
68,60,5,0.9713
68,62,5,0.6466
68,64,4,0.8993
68,66,4,0.9985
68,68,4,1
68,70,4,1
70,22,3,0.9497
70,26,2,0.5571
70,28,2,0.9437
70,30,2,0.9999
70,32,2,0.974
70,34,1,0.9815
70,36,9,0.9972
70,38,1,0.9882
70,40,9,0.9976
70,42,1,0.6672
70,44,9,0.9922
70,46,9,0.9994
70,48,9,0.6984
70,50,5,0.8533
70,52,5,0.9506
70,54,5,0.9772
70,56,5,0.9913
70,58,5,0.9912
70,60,5,0.9627
70,62,5,0.501
70,64,4,0.9394
70,66,4,0.9988
70,68,4,1
70,70,4,1
70,72,4,1
72,22,3,0.9755
72,24,3,0.7676
72,26,2,0.751
72,28,2,0.7802
72,30,2,0.8339
72,32,2,0.8069
72,34,2,0.9997
72,36,5,0.8848
72,38,4,0.9607
72,40,5,0.9623
72,42,9,0.999
72,44,9,0.9903
72,46,9,0.9985
72,48,5,0.8317
72,50,5,0.9157
72,52,5,0.9564
72,56,5,0.9913
72,58,5,0.9913
72,60,5,0.9292
72,62,4,0.804
72,64,4,0.9891
72,66,4,0.9989
72,68,4,1
72,70,4,1
72,72,4,1
74,16,3,0.9527
74,18,6,0.5208
74,20,3,0.691
74,22,3,0.9294
74,24,3,0.7492
74,26,2,0.9044
74,28,2,0.8525
74,30,2,0.9486
74,32,2,0.957
74,34,1,0.7504
74,36,5,0.9596
74,38,4,1
74,40,5,0.837
74,42,9,0.7165
74,44,9,0.9892
74,48,5,0.9262
74,50,5,0.9507
74,52,5,0.9347
74,54,5,0.9794
74,56,5,0.9914
74,58,5,0.9883
74,60,5,0.9282
74,62,4,0.9028
74,64,4,0.9886
74,66,4,0.9997
74,70,4,1
76,12,3,0.9774
76,14,3,0.6299
76,16,3,0.5717
76,18,3,0.6846
76,20,3,0.8422
76,22,3,0.9107
76,24,3,0.5964
76,26,3,0.5047
76,28,2,0.9803
76,30,2,0.9409
76,34,9,0.9993
76,36,4,0.9999
76,38,5,0.9844
76,40,9,0.9993
76,42,5,0.9411
76,44,9,0.986
76,46,9,0.9989
76,48,5,0.9078
76,50,5,0.9405
76,52,5,0.8835
76,54,5,0.9782
76,56,5,0.9914
76,58,5,0.9863
76,60,5,0.9217
76,62,4,0.8567
76,64,4,0.9894
76,66,4,0.9996
76,68,4,1
76,70,4,1
78,10,3,0.995
78,12,3,0.9798
78,14,3,0.8751
78,16,3,0.9631
78,18,3,0.9341
78,20,3,0.9641
78,22,3,0.911
78,24,3,0.6674
78,26,3,0.6902
78,28,2,0.5095
78,30,2,0.9996
78,32,5,0.984
78,34,4,0.9409
78,36,4,1
78,38,1,0.9872
78,40,9,0.5623
78,42,5,0.8368
78,44,9,0.9906
78,46,9,0.9986
78,48,5,0.9151
78,50,5,0.6351
78,52,5,0.7628
78,54,5,0.9831
78,56,5,0.9915
78,58,5,0.9684
78,60,5,0.8685
78,62,4,0.7424
78,64,4,0.9881
78,66,4,0.9995
78,68,4,1
78,70,4,1
80,8,3,0.9754
80,14,3,0.984
80,16,3,0.9931
80,18,3,0.9955
80,20,3,0.9907
80,22,3,0.9712
80,24,3,0.8246
80,26,3,0.8756
80,28,3,0.7068
80,30,1,0.9966
80,32,4,0.9911
80,34,4,0.9986
80,36,4,1
80,38,9,0.7558
80,40,9,0.9047
80,42,5,0.769
80,44,9,0.9909
80,46,9,0.9994
80,48,5,0.7821
80,50,9,0.6065
80,52,5,0.8193
80,54,5,0.9865
80,56,5,0.9915
80,58,5,0.9883
80,60,5,0.8743
80,62,4,0.749
80,64,4,0.9782
80,66,4,0.9985
80,68,4,1
80,70,4,1
80,72,4,1
82,18,3,0.9934
82,20,3,0.9666
82,22,3,0.9829
82,24,3,0.7685
82,26,3,0.8814
82,28,2,0.6728
82,30,9,0.9994
82,32,4,0.9953
82,34,4,1
82,36,4,1
82,38,9,0.9615
82,40,9,0.983
82,42,9,0.9854
82,44,9,0.9994
82,48,5,0.5056
82,50,9,0.5661
82,52,5,0.8723
82,54,5,0.9818
82,56,5,0.9912
82,58,5,0.9885
82,60,5,0.8533
82,62,4,0.7913
82,64,4,0.9673
82,66,4,0.9986
82,68,4,1
82,70,4,1
84,20,3,0.9895
84,22,3,0.9897
84,24,3,0.8255
84,26,3,0.9284
84,28,2,0.9946
84,30,4,0.6836
84,32,4,0.9876
84,34,4,0.9752
84,36,4,0.9998
84,38,9,0.9858
84,40,9,0.9917
84,42,9,0.9992
84,44,9,0.999
84,46,9,0.9993
84,50,5,0.9875
84,52,5,0.9398
84,54,5,0.9682
84,56,5,0.9901
84,58,5,0.9881
84,60,5,0.7852
84,62,4,0.7955
84,64,4,0.9654
84,66,4,0.9991
84,68,4,1
84,70,4,1
84,72,4,1
84,74,4,1
86,20,3,0.9956
86,22,3,0.9937
86,24,3,0.9643
86,26,3,0.934
86,28,1,0.9912
86,30,5,0.6303
86,32,4,0.9419
86,34,4,0.998
86,36,4,0.9999
86,38,9,0.9992
86,40,9,0.9917
86,42,9,0.9991
86,44,9,0.9994
86,46,9,0.9932
86,48,9,0.5727
86,50,5,0.9866
86,52,5,0.9516
86,54,5,0.9673
86,56,5,0.9914
86,58,5,0.9853
86,60,5,0.8207
86,62,4,0.6864
86,64,4,0.9713
86,66,4,0.9986
86,68,4,1
86,70,4,1
86,72,4,1
88,22,3,0.9944
88,24,3,0.9932
88,26,3,0.9588
88,28,1,0.9795
88,30,5,0.6829
88,32,5,0.5926
88,34,4,0.9895
88,36,4,0.9994
88,38,5,0.9873
88,40,9,0.9745
88,42,9,0.9992
88,44,9,0.9975
88,46,9,0.9989
88,48,5,0.9681
88,50,5,0.8257
88,54,5,0.9859
88,56,5,0.9915
88,58,5,0.988
88,60,5,0.8505
88,62,4,0.7042
88,64,4,0.9811
88,68,4,1
88,70,4,1
88,72,4,1
88,74,4,1
90,22,3,0.9769
90,24,3,0.992
90,28,1,0.9905
90,30,5,0.9327
90,32,5,0.8204
90,36,4,0.9986
90,38,4,0.7653
90,40,9,0.9982
90,42,9,0.9955
90,44,9,0.9992
90,46,9,0.5703
90,48,4,0.9975
90,50,4,0.9707
90,52,5,0.9648
90,54,5,0.9915
90,56,5,0.9915
90,58,5,0.9876
90,60,5,0.7471
90,62,4,0.7757
90,64,4,0.9966
90,66,4,0.9997
90,68,4,1
90,70,4,1
90,72,4,1
90,74,4,1
92,22,3,0.9908
92,24,3,0.9797
92,26,3,0.64
92,28,1,0.9996
92,30,5,0.9544
92,32,5,0.8812
92,34,5,0.6009
92,36,4,0.9999
92,38,5,0.9476
92,40,9,0.7493
92,42,9,0.998
92,44,5,0.5701
92,46,5,0.9887
92,50,5,0.9866
92,52,5,0.9897
92,54,5,0.9699
92,56,5,0.9914
92,58,5,0.9889
92,60,4,0.5787
92,62,4,0.9064
92,64,4,0.9963
92,66,4,0.9998
92,68,4,1
92,70,4,1
92,72,4,1
92,74,4,1
92,80,4,1
94,20,3,0.9639
94,22,3,0.7328
94,24,3,0.5677
94,26,3,0.6808
94,28,2,0.999
94,30,9,0.9952
94,32,5,0.9691
94,34,5,0.7292
94,36,4,0.9928
94,38,5,0.9549
94,40,5,0.8928
94,42,9,0.999
94,44,5,0.6094
94,46,5,0.9442
94,48,5,0.9235
94,52,5,0.9876
94,56,5,0.9909
94,58,5,0.9884
94,60,4,0.6649
94,62,4,0.9157
94,64,4,0.9947
94,66,4,0.9999
94,68,4,1
94,70,4,1
94,72,4,1
94,74,4,1
94,76,4,1
94,80,4,1
96,18,3,0.9929
96,20,3,0.9684
96,22,3,0.9751
96,24,3,0.9731
96,26,2,0.8851
96,28,2,0.9904
96,30,9,0.9851
96,32,5,0.9806
96,34,5,0.9319
96,36,4,0.8349
96,38,4,0.9988
96,40,5,0.9773
96,42,5,0.9665
96,44,5,0.6286
96,46,5,0.9915
96,48,5,0.8085
96,50,5,0.9837
96,52,5,0.9914
96,54,5,0.8375
96,56,5,0.9912
96,58,5,0.983
96,60,4,0.5601
96,62,4,0.9301
96,64,4,0.9789
96,66,4,1
96,68,4,1
96,70,4,1
96,72,4,1
96,74,4,1
96,76,4,1
96,80,4,1
98,4,3,0.9795
98,16,3,0.9914
98,18,3,0.9489
98,20,3,0.7644
98,22,3,0.4737
98,24,2,0.9609
98,26,2,0.9851
98,28,1,0.9893
98,30,9,0.6794
98,32,5,0.9713
98,34,5,0.9649
98,36,4,0.8288
98,38,4,0.9927
98,40,5,0.8222
98,42,9,0.7366
98,44,5,0.9755
98,46,5,0.9853
98,48,4,0.949
98,50,4,0.6766
98,52,5,0.8084
98,54,5,0.954
98,56,5,0.9912
98,58,5,0.9823
98,60,5,0.5938
98,62,4,0.8851
98,64,4,0.9874
98,66,4,1
98,68,4,1
98,70,4,1
98,74,4,1
98,76,4,1
100,0,3,0.9941
100,2,3,0.9948
100,8,3,0.9964
100,14,3,0.9968
100,16,3,0.9969
100,18,3,0.993
100,20,3,0.8859
100,22,2,0.5767
100,24,2,0.9965
100,26,1,0.9841
100,28,1,1
100,30,9,0.8873
100,32,5,0.9789
100,34,5,0.9697
100,36,5,0.9885
100,38,5,0.5949
100,40,9,0.9993
100,42,9,0.9882
100,44,5,0.9508
100,46,5,0.987
100,48,5,0.5174
100,50,5,0.8249
100,52,4,0.7608
100,54,5,0.9913
100,56,5,0.9913
100,58,5,0.9824
100,60,5,0.741
100,62,4,0.8617
100,64,4,0.9854
100,66,4,0.9999
100,68,4,1
100,70,4,1
100,72,4,1
100,76,4,1
100,78,4,1
102,-2,3,0.9652
102,0,3,0.997
102,4,3,0.9954
102,6,3,0.998
102,14,3,0.9954
102,16,3,0.9826
102,18,3,0.9899
102,20,3,0.6931
102,22,2,0.6037
102,24,2,0.9986
102,26,2,0.9764
102,28,1,0.9945
102,30,1,0.9943
102,32,9,0.9173
102,34,5,0.9463
102,38,9,0.8308
102,40,9,0.9994
102,42,9,0.9899
102,44,5,0.8634
102,46,5,0.989
102,48,5,0.9915
102,50,5,0.9913
102,52,5,0.9731
102,54,5,0.9846
102,58,5,0.9702
102,60,5,0.7998
102,62,4,0.8715
102,64,4,0.9839
102,66,4,0.9999
102,68,4,1
102,70,4,1
102,72,4,1
102,74,4,1
102,76,4,1
104,-4,3,0.9962
104,-2,3,0.9977
104,2,3,0.9966
104,12,3,0.9961
104,14,3,0.9964
104,16,3,0.984
104,18,3,0.9781
104,20,2,0.579
104,22,2,0.7865
104,24,2,0.9989
104,26,1,0.9132
104,28,2,0.6192
104,30,2,0.9905
104,32,1,0.9996
104,34,1,0.6863
104,36,9,0.9957
104,38,9,0.9992
104,40,9,0.9978
104,42,9,0.9404
104,44,5,0.828
104,46,5,0.9787
104,48,5,0.9583
104,50,5,0.9839
104,52,5,0.9877
104,54,5,0.991
104,56,5,0.981
104,58,5,0.9243
104,60,5,0.7265
104,62,4,0.8332
104,64,4,0.9678
104,66,4,0.9998
104,68,4,0.9999
104,70,4,1
104,72,4,1
104,74,4,1
104,76,4,1
106,-6,3,0.995
106,-2,3,0.9966
106,10,3,0.9968
106,12,3,0.9979
106,14,3,0.9964
106,16,3,0.9811
106,18,3,0.9713
106,20,3,0.7172
106,22,3,0.6714
106,24,2,0.9993
106,26,2,0.8498
106,28,2,0.9091
106,30,2,0.9952
106,32,1,0.7422
106,34,1,0.9967
106,36,9,0.9984
106,38,9,0.9969
106,40,9,0.9993
106,42,9,0.9572
106,44,5,0.9033
106,46,5,0.9855
106,48,5,0.9846
106,50,5,0.9481
106,54,5,0.99
106,56,5,0.9549
106,58,5,0.8987
106,60,5,0.7873
106,62,4,0.7585
106,64,4,0.9475
106,66,4,0.9998
106,68,4,0.9999
106,70,4,1
106,72,4,1
106,74,4,1
106,76,4,1
108,4,3,0.9953
108,12,3,0.9692
108,14,3,0.9635
108,16,3,0.9946
108,22,2,0.9969
108,24,2,0.9998
108,26,2,0.6721
108,28,2,0.6204
108,30,2,0.8834
108,32,1,0.9031
108,34,1,0.9954
108,36,9,0.9495
108,38,9,0.9989
108,40,9,0.9884
108,42,5,0.6024
108,44,5,0.6586
108,46,5,0.9797
108,48,5,0.9523
108,50,5,0.9854
108,52,5,0.9868
108,54,5,0.9651
108,56,5,0.9724
108,58,5,0.9589
108,60,5,0.7748
108,62,4,0.6413
108,64,4,0.928
108,66,4,0.9998
108,68,4,1
108,70,4,1
108,72,4,1
108,74,4,1
108,76,4,1
110,0,3,0.9975
110,22,2,0.9537
110,24,2,0.9997
110,26,1,0.5482
110,28,2,0.5645
110,30,1,0.6741
110,32,1,0.9168
110,34,1,0.9907
110,36,9,0.6682
110,38,9,0.9941
110,40,9,0.9989
110,42,5,0.8792
110,44,5,0.7442
110,46,5,0.9644
110,48,5,0.9908
110,50,5,0.9594
110,52,5,0.9892
110,54,5,0.9784
110,56,4,0.5493
110,58,5,0.8478
110,60,5,0.7383
110,62,4,0.6223
110,64,4,0.9351
110,66,4,0.9998
110,68,4,1
110,70,4,1
110,72,4,1
110,74,4,1
110,76,4,1
112,-8,3,0.9931
112,-2,3,0.9969
112,0,3,0.997
112,2,3,0.9977
112,22,2,0.9802
112,24,2,0.9995
112,26,2,0.843
112,28,2,0.5832
112,32,1,0.5053
112,34,1,0.9468
112,36,1,0.707
112,38,9,0.9981
112,40,9,0.9993
112,42,5,0.9127
112,44,5,0.8754
112,46,5,0.9629
112,48,5,0.9908
112,50,5,0.9657
112,52,5,0.9818
112,54,5,0.8169
112,56,4,0.5455
112,58,5,0.8271
112,60,5,0.7461
112,62,4,0.6626
112,64,4,0.9525
112,66,4,0.9994
112,68,4,1
112,70,4,1
112,72,4,1
112,76,4,1
114,-24,6,0.9769
114,-22,6,0.9999
114,-8,3,0.9886
114,-2,3,0.9978
114,0,3,0.9778
114,2,3,0.9887
114,4,3,0.997
114,24,2,0.9999
114,26,2,0.9509
114,28,2,0.9531
114,30,2,0.7839
114,32,1,0.7029
114,34,1,0.8467
114,36,1,0.9905
114,38,1,0.6155
114,40,9,0.9993
114,42,5,0.9179
114,44,5,0.9662
114,46,5,0.9902
114,48,5,0.9878
114,50,5,0.9906
114,52,5,0.9905
114,54,5,0.9571
114,56,4,0.797
114,58,5,0.6875
114,60,5,0.6949
114,62,4,0.6871
114,64,4,0.9516
114,66,4,0.9985
114,68,4,0.9999
114,70,4,1
114,72,4,1
116,-34,8,0.9997
116,-32,8,0.9923
116,-30,8,0.9712
116,-28,8,0.931
116,-26,8,0.5962
116,-24,6,0.9153
116,-22,6,0.9985
116,-2,3,0.9966
116,0,3,0.9951
116,2,3,0.9769
116,4,3,0.9882
116,24,2,0.9982
116,26,2,0.9968
116,28,2,0.9535
116,30,2,0.6648
116,32,1,0.7017
116,34,1,0.8875
116,36,1,0.9858
116,38,1,0.9596
116,40,9,0.6861
116,42,5,0.8936
116,44,5,0.9619
116,46,5,0.9746
116,48,5,0.9784
116,50,5,0.9898
116,52,5,0.9888
116,54,5,0.9618
116,56,5,0.6443
116,58,4,0.6326
116,60,5,0.6821
116,62,5,0.5587
116,64,4,0.8133
116,66,4,0.9974
116,68,4,0.9999
116,70,4,1
116,72,4,1
118,-34,8,0.9998
118,-32,8,0.9983
118,-30,8,0.9876
118,-28,8,0.9652
118,-26,8,0.8345
118,-24,6,0.9419
118,-22,6,0.9935
118,6,3,0.9987
118,26,2,0.9998
118,28,2,0.9795
118,30,2,0.7275
118,32,1,0.7791
118,34,1,0.9211
118,36,1,0.991
118,38,1,0.7752
118,40,9,0.6069
118,42,9,0.6108
118,44,5,0.9685
118,46,5,0.9866
118,48,5,0.9787
118,50,5,0.989
118,52,5,0.9911
118,54,5,0.9307
118,56,4,0.9063
118,58,4,0.7622
118,60,5,0.8112
118,62,5,0.6739
118,64,4,0.7208
118,66,4,0.9967
118,68,4,0.9998
118,70,4,1
118,72,4,1
120,-32,8,0.998
120,-30,8,0.9962
120,-28,8,0.9654
120,-26,8,0.8063
120,-24,6,0.7385
120,-22,6,0.9936
120,-20,6,0.9994
120,-10,3,0.996
120,-4,3,0.9915
120,-2,3,0.5985
120,0,3,0.9988
120,16,3,0.997
120,28,2,0.9856
120,30,2,0.8148
120,34,1,0.9766
120,36,1,0.9911
120,42,9,0.9987
120,44,9,0.7847
120,46,5,0.9836
120,48,5,0.9913
120,50,5,0.9872
120,52,5,0.9909
120,54,5,0.9782
120,56,4,0.7613
120,58,4,0.6436
120,60,5,0.7738
120,62,5,0.6256
120,64,4,0.6999
120,66,4,0.9934
120,68,4,0.9999
120,70,4,1
120,72,4,1
122,-32,8,0.9981
122,-30,8,0.9968
122,-28,8,0.9808
122,-26,8,0.8307
122,-24,6,0.8393
122,-22,6,0.9953
122,-20,6,0.9983
122,-4,3,0.9904
122,18,3,0.9695
122,40,9,0.9737
122,42,9,0.9979
122,44,9,0.9959
122,46,9,0.9041
122,48,5,0.9399
122,50,5,0.991
122,52,5,0.9753
122,54,5,0.9852
122,56,4,0.5444
122,58,4,0.6655
122,60,5,0.7824
122,62,5,0.5654
122,64,4,0.6801
122,66,4,0.9863
122,68,4,0.9996
122,70,4,1
122,72,4,1
124,-32,8,0.997
124,-30,8,0.9894
124,-28,8,0.9475
124,-26,8,0.8241
124,-24,6,0.8178
124,-22,6,0.9971
124,-20,6,0.9991
124,-18,6,0.9949
124,-10,3,0.9947
124,8,3,0.9948
124,40,9,0.991
124,42,9,0.9981
124,44,9,0.9925
124,46,9,0.9592
124,48,5,0.5449
124,50,5,0.9777
124,52,5,0.9867
124,54,5,0.9893
124,56,4,0.7968
124,58,4,0.6087
124,60,5,0.7625
124,62,5,0.6037
124,64,4,0.6366
124,66,4,0.9717
124,68,4,0.9993
124,70,4,1
124,72,4,1
126,-32,8,0.9979
126,-30,8,0.9906
126,-28,8,0.9323
126,-26,8,0.909
126,-24,6,0.8397
126,-22,6,0.9926
126,-20,6,0.9986
126,-18,6,0.9986
126,-16,6,0.9809
126,8,3,0.9952
126,38,9,0.7741
126,40,9,0.9879
126,42,9,0.9992
126,44,9,0.9918
126,46,9,0.91
126,48,5,0.6257
126,50,5,0.9682
126,52,5,0.9752
126,54,5,0.99
126,56,4,0.734
126,58,4,0.9254
126,60,5,0.7793
126,62,5,0.7118
126,64,4,0.6528
126,66,4,0.9913
126,68,4,0.9995
126,70,4,1
126,72,4,1
128,-32,8,0.9995
128,-30,8,0.9968
128,-28,8,0.9434
128,-26,8,0.8758
128,-24,6,0.6675
128,-22,6,0.9902
128,-20,6,0.9986
128,-18,6,0.9997
128,-16,6,0.9541
128,36,1,0.8545
128,38,9,0.8636
128,42,9,0.6834
128,44,9,0.9309
128,46,9,0.9321
128,48,5,0.7859
128,50,5,0.9082
128,52,5,0.9536
128,54,5,0.9907
128,56,4,0.5193
128,58,4,0.812
128,60,5,0.7999
128,62,5,0.7708
128,64,4,0.7132
128,66,4,0.9999
128,68,4,1
128,70,4,1
128,72,4,1
130,-30,8,0.9959
130,-28,8,0.971
130,-26,8,0.9638
130,-24,8,0.5032
130,-22,6,0.9799
130,-20,6,0.9951
130,-18,6,0.9991
130,-16,6,0.9896
130,-14,3,0.656
130,-2,3,0.9949
130,42,9,0.9993
130,44,9,0.7329
130,46,9,0.8561
130,48,5,0.7652
130,50,5,0.9367
130,52,5,0.9623
130,54,5,0.9906
130,56,4,0.6869
130,58,4,0.5407
130,60,5,0.9048
130,62,5,0.8132
130,64,4,0.743
130,66,4,1
130,68,4,1
130,70,4,1
132,-30,8,0.998
132,-28,8,0.9806
132,-26,8,0.9801
132,-24,8,0.7653
132,-22,6,0.7709
132,-20,6,0.9665
132,-18,6,0.9982
132,-16,6,0.9868
132,-14,6,0.8222
132,34,1,0.9246
132,44,9,0.986
132,46,9,0.9045
132,48,5,0.6381
132,50,5,0.9863
132,52,5,0.9911
132,54,5,0.9887
132,56,4,0.6829
132,58,5,0.6319
132,60,5,0.9405
132,62,5,0.7789
132,64,4,0.8544
132,66,4,0.9995
132,68,4,0.9999
132,70,4,1
134,-32,8,0.997
134,-30,8,0.9939
134,-28,8,0.9374
134,-26,8,0.7387
134,-24,8,0.7523
134,-22,6,0.6117
134,-20,6,0.9083
134,-18,6,0.9989
134,-16,6,0.994
134,-14,6,0.7627
134,-12,3,0.8741
134,-2,3,0.9932
134,34,1,0.6572
134,44,9,0.6484
134,46,9,0.8527
134,48,5,0.5425
134,50,5,0.9887
134,52,5,0.9196
134,54,5,0.9184
134,56,5,0.5363
134,58,5,0.8798
134,60,5,0.9168
134,62,5,0.7639
134,64,4,0.9515
134,66,4,0.9996
134,68,4,0.9998
134,70,4,1
136,-34,8,0.9993
136,-32,8,0.9974
136,-30,8,0.9613
136,-28,8,0.5779
136,-26,8,0.6216
136,-24,6,0.6546
136,-22,6,0.6883
136,-20,6,0.9586
136,-18,6,0.9981
136,-16,6,0.9548
136,-4,3,0.5191
136,34,1,0.7751
136,36,1,0.9943
136,46,5,0.8766
136,48,5,0.636
136,50,5,0.9857
136,52,5,0.9914
136,54,5,0.9818
136,56,5,0.6976
136,58,5,0.8572
136,60,5,0.8198
136,62,5,0.6247
136,64,4,0.9666
136,66,4,0.9997
136,68,4,0.9998
136,70,4,1
136,74,4,1
138,-34,8,0.9977
138,-32,8,0.9966
138,-30,8,0.973
138,-28,8,0.8105
138,-26,6,0.5188
138,-24,6,0.7836
138,-22,6,0.9315
138,-20,6,0.9784
138,-18,6,0.9997
138,-8,3,0.9583
138,-4,6,0.9998
138,-2,3,0.9874
138,36,1,0.9904
138,48,5,0.991
138,50,5,0.9788
138,52,5,0.9885
138,58,4,0.8263
138,60,4,0.8647
138,62,4,0.9795
138,64,4,0.9984
138,66,4,0.9999
138,68,4,1
138,70,4,1
140,-36,8,0.9999
140,-34,8,0.9985
140,-32,8,0.9965
140,-30,8,0.9503
140,-28,8,0.786
140,-26,6,0.723
140,-24,6,0.8656
140,-22,6,0.9686
140,-20,6,0.9912
140,-18,6,0.9979
140,-8,3,0.9777
140,-6,3,0.9929
140,-4,3,0.774
140,36,1,0.9431
140,38,1,0.9546
140,40,9,0.6397
140,50,5,0.9914
140,52,5,0.991
140,54,5,0.9906
140,58,4,0.8331
140,60,4,0.8532
140,62,4,0.9998
140,64,4,0.9998
140,66,4,1
140,68,4,1
140,70,4,1
140,72,4,1
142,-38,8,0.9999
142,-36,8,0.9999
142,-34,8,0.9968
142,-32,8,0.9969
142,-30,8,0.9724
142,-28,8,0.6042
142,-26,6,0.825
142,-24,6,0.9762
142,-22,6,0.9911
142,-20,6,0.9962
142,-18,6,0.9852
142,-16,3,0.6342
142,-14,3,0.7184
142,-12,3,0.6327
142,-8,3,0.9625
142,-6,3,0.8742
142,-4,3,0.9836
142,44,9,0.9988
142,46,9,0.7139
142,52,5,0.9868
142,60,5,0.5128
142,62,4,0.9999
142,64,4,0.9975
142,66,4,1
142,68,4,0.9999
142,70,4,1
142,72,4,1
142,76,4,1
144,-40,8,0.999
144,-38,8,0.9999
144,-36,8,0.9998
144,-34,8,0.998
144,-32,8,0.9909
144,-30,8,0.9296
144,-28,8,0.7856
144,-26,8,0.6138
144,-24,6,0.9785
144,-22,6,0.9979
144,-20,6,0.9994
144,-18,6,0.9995
144,-16,6,0.9245
144,-6,6,0.9998
144,-4,3,0.9938
144,44,9,0.7917
144,60,5,0.6232
144,62,4,0.9998
144,64,4,0.9968
144,66,4,0.9998
144,68,4,0.9997
144,70,4,1
144,72,4,1
146,-42,8,0.9669
146,-38,8,0.9999
146,-36,8,0.9988
146,-34,8,0.9961
146,-32,8,0.9911
146,-30,8,0.849
146,-28,6,0.6447
146,-26,6,0.8162
146,-24,6,0.9836
146,-22,6,0.9996
146,-20,6,0.9999
146,-18,6,0.9963
146,-8,3,0.9681
146,-6,6,0.6989
146,60,5,0.5352
146,62,4,0.9986
146,64,4,0.9994
146,66,4,0.9999
146,68,4,0.9997
146,70,4,1
146,72,4,1
148,-42,8,0.9933
148,-40,8,0.9998
148,-36,8,0.9993
148,-34,8,0.9979
148,-32,8,0.9873
148,-30,8,0.8192
148,-28,6,0.7231
148,-26,6,0.8762
148,-24,6,0.995
148,-22,6,0.9995
148,-20,6,0.9997
148,-10,3,0.879
148,60,5,0.5267
148,62,4,0.995
148,64,4,0.9995
148,66,4,0.9991
148,68,4,0.9999
148,70,4,1
148,72,4,1
150,-36,8,0.9968
150,-34,8,0.9959
150,-32,8,0.9914
150,-30,8,0.8096
150,-28,6,0.9239
150,-26,6,0.9717
150,-24,6,0.9978
150,-6,3,0.9456
150,46,5,0.8784
150,60,4,0.7803
150,64,4,0.9961
150,66,4,0.9906
150,68,4,0.9999
150,70,4,1
152,-32,8,0.5191
152,-30,8,0.8592
152,-28,6,0.8493
152,-26,6,0.9883
152,60,4,0.8782
152,62,4,0.9857
152,64,4,0.9808
152,66,4,0.9866
152,68,4,0.9999
152,70,4,1
154,60,4,0.8584
154,62,4,0.9918
154,64,4,0.9779
154,66,4,0.9951
154,68,4,0.9997
154,70,4,1
156,54,5,0.9705
156,56,5,0.9692
156,62,4,0.9987
156,64,4,0.9947
156,66,4,0.9964
156,68,4,0.9996
156,70,4,1
158,52,5,0.8195
158,54,5,0.905
158,56,5,0.838
158,62,4,0.9929
158,64,4,0.9998
158,66,4,0.996
158,68,4,0.9992
158,70,4,1
160,56,5,0.7633
160,58,5,0.7758
160,62,4,0.9803
160,64,4,0.9999
160,66,4,0.9974
160,68,4,0.999
162,56,5,0.8649
162,58,5,0.7764
162,60,4,0.9194
162,62,4,0.9718
162,64,4,0.9999
162,66,4,0.9993
162,68,4,0.9977
164,64,4,0.9996
164,66,4,0.9998
164,68,4,0.9993
166,62,4,0.9885
166,64,4,0.9993
166,66,4,0.9999
166,68,4,0.9998
168,-46,7,0.7022
168,62,4,0.9968
168,64,4,0.9967
168,66,4,0.9999
168,68,4,1
170,-46,7,0.6743
170,-44,8,0.6881
170,62,4,0.9996
170,64,4,0.9862
170,66,4,0.9999
170,68,4,0.9999
172,-42,8,0.9924
172,62,4,0.9995
172,64,4,0.988
172,66,4,0.9998
172,68,4,0.9999
174,-42,8,0.9934
174,-36,8,0.9996
174,62,4,0.9977
174,64,4,0.9964
174,66,4,0.9997
174,68,4,1
176,-40,8,0.9997
176,-38,8,0.9999
176,64,4,0.9896
176,66,4,0.9998
176,68,4,1
178,-38,8,1
178,-18,6,0.5556
178,64,4,0.9872
178,66,4,0.9998
178,68,4,1
-88,48,5,0.9647
33,-1,6,0.6475
60,45,9,0.9992
-82,45,9,0.9851
-87,44,9,0.9994
29,-6,6,0.796
-121,66,4,0.9933
35,-12,6,0.9786
-114,62,4,0.5526
-81,42,9,0.9872
-97,52,5,0.8726
14,13,3,0.9402
31,61,5,0.983
74,46,9,0.9987
35,62,5,0.9353
-69,-16,8,0.8636
-85,12,3,0.9648
36,4,3,0.5308
-110,59,5,0.9639
-112,41,5,0.8523
-102,57,5,0.9641
13,59,5,0.6694
31,2,6,0.5397
49,55,5,0.9002
45,38,1,0.9743
28,-17,6,0.9987
29,-9,6,0.9948
-99,51,5,0.792
-89,50,5,0.9616
103,55,5,0.9897
100,37,5,0.9895
101,74,4,1
-95,49,9,0.6121
132,45,9,0.9663
-53,-33,8,0.9757
33,23,2,0.9998
28,58,5,0.8646
43,39,9,0.9728
93,50,5,0.6837
37,12,6,0.7181
-100,53,5,0.9867
100,51,5,0.5211
-155,60,5,0.6924
104,13,3,0.998
120,31,2,0.6592
29,-2,6,0.997
-103,58,5,0.9033
43,48,9,0.999
-99,57,5,0.905
-55,-3,3,0.9949
117,49,5,0.9842
43,34,2,0.9736
116,29,2,0.7815
34,47,9,0.9846
30,-11,6,0.9999
-63,-31,8,0.8092
32,-8,6,0.9999
33,49,9,0.9983
91,31,5,0.9761
77,55,5,0.9866
91,55,5,0.9897
-72,-47,7,1
15,58,9,0.5504
33,2,3,0.6796
-118,63,5,0.7212
102,57,5,0.983
-124,56,5,0.8455
56,59,5,0.9907
89,32,5,0.9466
-55,5,3,0.9961
119,33,1,0.9102
28,61,5,0.9612
48,53,5,0.7252
-81,27,2,0.931
5,10,3,0.9975
-73,-50,7,1
30,-9,6,0.9955
69,50,5,0.8928
93,49,5,0.8594
-112,59,5,0.9891
-105,55,5,0.9888
-56,-33,8,0.9867
-67,-19,8,1
45,40,1,0.5147
35,64,5,0.9813
-107,57,5,0.9852
92,48,5,0.9873
-83,42,9,0.9884
-115,55,5,0.9865
-133,69,4,0.9979
99,3,3,0.9857
-95,48,9,0.7806
-103,20,2,0.7986
-63,7,3,0.9641
35,-4,6,0.9992
25,62,5,0.99
-72,49,5,0.9001
16,59,9,0.534
-73,44,9,0.9993
-73,-49,7,1
-94,55,5,0.9853
44,33,2,0.9994
86,31,4,0.937
87,42,9,0.9993
31,58,5,0.8841
43,57,5,0.9685
-116,33,2,0.9894
30,63,5,0.9858
-80,49,5,0.9376
-107,48,9,0.9526
121,14,3,0.994
-73,-41,8,0.9916
139,-36,8,1
87,31,4,0.9447
-69,-45,7,0.9957
-69,-39,8,0.9955
-109,56,5,0.9897
34,63,5,0.9835
-79,44,9,0.9991
55,57,5,0.9835
87,47,9,0.9802
32,67,5,0.7553
35,32,2,0.9981
-89,16,3,0.9876
43,46,9,0.9718
18,-1,3,0.9805
36,-15,6,0.99
80,53,5,0.9713
136,35,1,0.951
73,53,5,0.9723
31,66,5,0.8057
-63,-4,3,0.9943
-107,55,5,0.9803
93,48,5,0.9113
176,-39,8,0.9999
68,41,1,0.9461
-115,60,5,0.9856
98,35,4,0.9904
-98,55,5,0.991
-68,-55,7,1
14,9,3,0.9946
18,47,9,0.9589
89,38,4,0.9987
26,-9,6,0.7788
-118,61,5,0.9855
-103,55,5,0.9872
47,41,1,0.6513
122,-3,3,0.9894
-106,59,5,0.8614
97,35,4,0.9992
-95,56,5,0.93
-72,-41,8,0.7773
174,65,4,0.9985
-119,43,9,0.987
-100,51,5,0.8418
9,48,9,0.9659
83,32,4,0.9991
-93,53,5,0.991
29,45,9,0.5356
-49,-23,6,0.9999
34,49,9,0.9981
-94,31,2,0.9984
-121,61,5,0.9783
-156,59,5,0.8197
-120,39,1,0.5762
88,31,4,0.6573
84,31,4,0.9726
31,38,1,0.9982
14,63,5,0.9001
-57,49,5,0.8311
-125,67,4,0.978
86,49,5,0.9901
47,31,2,0.9997
-110,55,5,0.9869
35,45,1,0.6905
103,19,3,0.9457
-73,46,9,0.9992
-126,67,4,0.9875
39,61,5,0.9906
-117,64,4,0.6716
39,60,5,0.991
30,51,9,0.9993
81,31,5,0.9823
83,24,3,0.7933
-71,-49,7,1
39,8,6,0.9999
-139,61,4,1
-94,47,9,0.8419
-97,54,5,0.9888
-119,60,5,0.9796
-176,68,4,1
31,50,9,0.9994
32,65,5,0.9567
-55,-2,3,0.9952
-6,55,9,0.9016
137,52,5,0.9851
-93,51,5,0.9646
121,-2,3,0.8067
19,42,1,0.958
90,33,4,0.6378
-50,-20,6,0.911
-125,55,5,0.9898
11,46,9,0.5546
88,37,4,0.9999
-58,-3,3,0.9956
11,61,5,0.9877
21,41,1,0.9903
42,11,3,0.9877
-95,55,5,0.9888
115,30,2,0.7375
-95,31,2,0.9978
-99,52,5,0.8866
-101,54,5,0.9774
65,53,5,0.9352
-79,48,5,0.8383
-102,55,5,0.989
35,-15,6,0.9943
19,68,4,0.9882
39,45,1,0.5317
103,17,3,0.9926
39,7,6,1
140,53,5,0.991
27,-11,6,0.9996
-101,52,5,0.9455
103,25,2,0.9039
91,50,4,0.7089
-151,60,5,0.9629
-79,47,9,0.5789
-65,-28,6,0.9391
99,46,5,0.9913
90,29,5,0.9617
15,61,5,0.9881
-115,56,5,0.9905
-111,42,5,0.9678
86,29,5,0.9787
-74,45,9,0.9992
113,30,2,0.7766
-103,54,5,0.975
-72,18,3,0.8693
-101,53,5,0.9614
73,42,9,0.9993
-74,9,3,0.9973
93,36,4,0.9996
43,33,2,0.9878
87,32,5,0.5353
-93,30,2,0.9986
160,55,5,0.9668
-99,24,2,0.5485
-109,57,5,0.9903
-105,58,5,0.9485
89,69,4,1
119,31,2,0.728
160,69,4,0.9999
79,55,5,0.9881
48,31,2,0.9998
143,-38,8,0.9999
-41,-22,6,0.9564
-112,55,5,0.9837
31,29,2,0.99
19,67,4,0.8794
-80,33,2,0.9011
117,43,5,0.9699
105,15,3,0.9932
-123,64,5,0.6242
48,49,9,0.9976
117,35,1,0.9774
-157,58,5,0.8772
-119,38,9,0.9611
103,24,2,0.9984
7,47,9,0.82
35,47,9,0.9877
73,54,5,0.9758
52,51,9,0.9208
-108,55,5,0.9764
-61,-3,3,0.9957
27,-8,6,0.757
97,49,5,0.7595
-82,29,2,0.9995
-95,35,1,0.6929
31,62,5,0.9902
159,70,4,1
-57,-2,3,0.9955
49,-17,6,0.9989
78,55,5,0.9873
-73,-51,7,1
-100,55,5,0.9909
99,49,5,0.7987
83,31,4,0.8727
151,68,4,0.9999
91,32,5,0.8243
120,32,1,0.8101
-67,9,3,0.9827
-85,52,5,0.9899
-157,57,5,0.7524
-125,66,4,0.8233
-113,43,9,0.9984
14,57,9,0.8864
137,51,5,0.9704
124,45,9,0.9851
74,53,5,0.9626
-111,59,5,0.9866
-75,11,3,0.9816
26,63,5,0.9892
118,49,5,0.9834
45,36,1,0.8639
47,49,9,0.9981
-72,-39,8,0.9919
34,39,1,0.9965
17,48,9,0.9776
-65,44,9,0.9991
-119,39,1,0.9257
97,37,5,0.7637
-76,36,1,0.9405
-93,50,5,0.8976
147,-42,8,0.9773
106,51,5,0.9798
147,69,4,1
-123,39,1,0.8975
-69,-54,7,1
36,33,2,0.9078
-99,48,9,0.6229
24,61,5,0.9705
113,41,5,0.8694
-113,53,5,0.9688
29,40,1,0.9971
22,61,5,0.9693
-65,-3,3,0.9921
24,63,5,0.9898
36,1,6,0.9703
-97,55,5,0.9912
-71,-48,7,1
-76,-11,6,0.6995
147,-38,8,0.9998
-56,-2,3,0.9956
45,34,2,0.9987
-69,-36,8,0.9993
126,9,3,0.997
65,40,1,0.9953
-81,47,9,0.5694
-106,23,2,0.8973
-81,28,2,0.9911
-113,55,5,0.9782
-105,54,5,0.9793
143,72,4,1
14,59,5,0.5875
-91,15,6,0.8223
-111,56,5,0.9867
-71,44,9,0.9994
-68,-39,8,0.9989
113,55,5,0.5842
43,41,9,0.9989
-110,57,5,0.991
12,43,1,0.991
141,-34,8,0.9978
-127,68,4,0.9989
96,25,3,0.9431
125,64,4,0.6303
155,68,4,0.9996
-122,65,4,0.8385
-81,48,5,0.8263
35,-25,6,0.9997
117,41,9,0.998
-99,54,5,0.9873
-72,19,3,0.9862
-121,63,5,0.8403
28,59,5,0.8848
-108,59,4,0.5661
13,53,9,0.9974
-50,-30,6,0.9089
36,-1,6,1
-106,55,5,0.9883
-93,55,5,0.9844
-89,44,9,0.9987
147,71,4,1
-78,48,5,0.8589
-121,40,1,0.9731
-74,43,9,0.9937
-116,45,9,0.9705
111,53,5,0.8543
61,51,5,0.7713
-60,-31,8,0.7021
-82,46,9,0.9833
13,60,5,0.9556
44,39,9,0.9104
140,37,1,0.9959
71,54,5,0.9671
16,58,9,0.7726
-107,54,5,0.9764
-114,53,5,0.9514
12,45,1,0.9922
-66,-13,3,0.9713
-63,-37,8,0.9996
-98,51,5,0.8461
119,36,1,0.9912
65,61,5,0.9318
64,61,5,0.9521
41,58,5,0.9808
89,34,4,0.9024
27,61,5,0.9676
-94,51,5,0.9542
-62,-37,8,0.9997
112,29,2,0.7305
138,71,4,1
-117,62,5,0.9131
28,45,9,0.7031
-126,69,4,0.9997
27,57,5,0.7568
-113,52,5,0.873
71,43,9,0.9965
157,51,5,0.6416
152,69,4,1
-121,59,5,0.9891
-57,-28,6,0.9502
72,55,5,0.9789
31,-2,6,0.9898
-115,57,5,0.9913
-115,54,5,0.9724
67,59,5,0.9892
17,62,5,0.9902
-85,44,9,0.9984
34,45,1,0.5754
-109,54,5,0.9787
27,55,5,0.5767
-115,59,5,0.9686
-111,58,5,0.9907
17,61,5,0.9273
-95,18,3,0.9832
-105,52,5,0.9646
-75,10,3,0.9986
17,55,9,0.9995
-108,53,5,0.9791
-143,63,4,0.7779
-96,49,9,0.6403
-89,14,3,0.8706
-109,55,5,0.9806
141,52,5,0.9885
-111,54,5,0.9852
145,69,4,0.9999
-61,-32,8,0.9146
112,55,5,0.6291
16,42,1,0.9432
-107,53,5,0.973
-133,68,4,0.9698
38,45,1,0.5644
-85,45,9,0.9994
-91,30,2,0.9982
-134,69,4,0.9993
-75,8,3,0.9934
-99,53,5,0.9914
-128,67,4,0.8629
-124,67,4,0.9956
-99,56,5,0.9702
-166,68,4,1
141,40,9,0.9156
-1,44,1,0.9962
124,47,9,0.7198
49,39,1,0.8872
-61,-34,8,0.9867
112,53,5,0.9144
113,52,5,0.9882
27,56,5,0.5563
-92,53,5,0.9907
66,53,5,0.9463
-61,-30,6,0.5124
-122,43,9,0.6837
-86,51,5,0.983
-125,65,4,0.6314
